-- phpMyAdmin SQL Dump
-- version 4.7.3
-- https://www.phpmyadmin.net/
--
-- Servidor: localhost:3306
-- Tiempo de generación: 03-11-2017 a las 20:02:30
-- Versión del servidor: 5.7.19
-- Versión de PHP: 7.1.7

SET SQL_MODE = "NO_AUTO_VALUE_ON_ZERO";
SET AUTOCOMMIT = 0;
START TRANSACTION;
SET time_zone = "+00:00";


/*!40101 SET @OLD_CHARACTER_SET_CLIENT=@@CHARACTER_SET_CLIENT */;
/*!40101 SET @OLD_CHARACTER_SET_RESULTS=@@CHARACTER_SET_RESULTS */;
/*!40101 SET @OLD_COLLATION_CONNECTION=@@COLLATION_CONNECTION */;
/*!40101 SET NAMES utf8mb4 */;

--
-- Base de datos: `festschool`
--

-- --------------------------------------------------------

--
-- Estructura de tabla para la tabla `asignaturas`
--

CREATE TABLE `asignaturas` (
  `id` int(10) UNSIGNED NOT NULL,
  `nombre` varchar(255) COLLATE utf8mb4_unicode_ci NOT NULL,
  `Tipo_asignatura` varchar(255) COLLATE utf8mb4_unicode_ci NOT NULL,
  `departamento` varchar(255) COLLATE utf8mb4_unicode_ci NOT NULL,
  `created_at` timestamp NULL DEFAULT NULL,
  `updated_at` timestamp NULL DEFAULT NULL,
  `deleted_at` timestamp NULL DEFAULT NULL,
  `user_id` int(10) UNSIGNED NOT NULL
) ENGINE=InnoDB DEFAULT CHARSET=utf8mb4 COLLATE=utf8mb4_unicode_ci;

--
-- Volcado de datos para la tabla `asignaturas`
--

INSERT INTO `asignaturas` (`id`, `nombre`, `Tipo_asignatura`, `departamento`, `created_at`, `updated_at`, `deleted_at`, `user_id`) VALUES
(1, 'Ciencias naturales', 'ciencias exactas', 'ciencias', '2017-11-03 16:38:35', '2017-11-03 16:38:35', NULL, 1);

-- --------------------------------------------------------

--
-- Estructura de tabla para la tabla `assigned_roles`
--

CREATE TABLE `assigned_roles` (
  `user_id` int(10) UNSIGNED NOT NULL,
  `role_id` int(10) UNSIGNED NOT NULL,
  `who_user` int(10) UNSIGNED NOT NULL COMMENT 'recorder user',
  `created_at` timestamp NULL DEFAULT NULL,
  `updated_at` timestamp NULL DEFAULT NULL
) ENGINE=InnoDB DEFAULT CHARSET=utf8mb4 COLLATE=utf8mb4_unicode_ci;

--
-- Volcado de datos para la tabla `assigned_roles`
--

INSERT INTO `assigned_roles` (`user_id`, `role_id`, `who_user`, `created_at`, `updated_at`) VALUES
(1, 1, 1, NULL, '2017-09-29 18:04:18'),
(1, 2, 1, '2017-09-29 18:04:18', '2017-09-29 18:04:18');

-- --------------------------------------------------------

--
-- Estructura de tabla para la tabla `cursas`
--

CREATE TABLE `cursas` (
  `id` int(10) UNSIGNED NOT NULL,
  `estudiante_id` int(10) UNSIGNED NOT NULL,
  `asignatura_id` int(10) UNSIGNED NOT NULL,
  `ano` varchar(255) COLLATE utf8mb4_unicode_ci NOT NULL,
  `created_at` timestamp NULL DEFAULT NULL,
  `updated_at` timestamp NULL DEFAULT NULL,
  `deleted_at` timestamp NULL DEFAULT NULL,
  `user_id` int(10) UNSIGNED NOT NULL
) ENGINE=InnoDB DEFAULT CHARSET=utf8mb4 COLLATE=utf8mb4_unicode_ci;

--
-- Volcado de datos para la tabla `cursas`
--

INSERT INTO `cursas` (`id`, `estudiante_id`, `asignatura_id`, `ano`, `created_at`, `updated_at`, `deleted_at`, `user_id`) VALUES
(1, 1, 1, '2017', '2017-11-03 18:59:17', '2017-11-03 18:59:17', NULL, 1);

-- --------------------------------------------------------

--
-- Estructura de tabla para la tabla `departamentos`
--

CREATE TABLE `departamentos` (
  `id` int(10) UNSIGNED NOT NULL,
  `nombre` varchar(50) COLLATE utf8mb4_unicode_ci NOT NULL,
  `created_at` timestamp NULL DEFAULT NULL,
  `updated_at` timestamp NULL DEFAULT NULL,
  `deleted_at` timestamp NULL DEFAULT NULL
) ENGINE=InnoDB DEFAULT CHARSET=utf8mb4 COLLATE=utf8mb4_unicode_ci;

--
-- Volcado de datos para la tabla `departamentos`
--

INSERT INTO `departamentos` (`id`, `nombre`, `created_at`, `updated_at`, `deleted_at`) VALUES
(1, 'AMAZONAS', '2017-04-10 19:12:50', '2017-04-10 19:12:50', NULL),
(2, 'ANTIOQUIA', '2017-04-10 19:12:50', '2017-04-12 14:45:27', NULL),
(3, 'ARAUCA', '2017-04-10 19:12:50', '2017-04-10 19:12:50', NULL),
(4, 'ATLÁNTICO', '2017-04-10 19:12:50', '2017-04-10 19:12:50', NULL),
(5, 'BOLÍVAR', '2017-04-10 19:12:50', '2017-04-10 19:12:50', NULL),
(6, 'BOYACÁ', '2017-04-10 19:12:50', '2017-04-10 19:12:50', NULL),
(7, 'CALDAS', '2017-04-10 19:12:50', '2017-04-10 19:12:50', NULL),
(8, 'CAQUETÁ', '2017-04-10 19:12:50', '2017-04-10 19:12:50', NULL),
(9, 'CASANARE', '2017-04-10 19:12:50', '2017-04-10 19:12:50', NULL),
(10, 'CAUCA', '2017-04-10 19:12:50', '2017-04-10 19:12:50', NULL),
(11, 'CESAR', '2017-04-10 19:12:50', '2017-04-10 19:12:50', NULL),
(12, 'CHOCÓ', '2017-04-10 19:12:50', '2017-04-10 19:12:50', NULL),
(13, 'CÓRDOBA', '2017-04-10 19:12:50', '2017-04-10 19:12:50', NULL),
(14, 'CUNDINAMARCA', '2017-04-10 19:12:50', '2017-04-10 19:12:50', NULL),
(15, 'GUAINÍA', '2017-04-10 19:12:50', '2017-04-10 19:12:50', NULL),
(16, 'GUAVIARE', '2017-04-10 19:12:50', '2017-04-10 19:12:50', NULL),
(17, 'HUILA', '2017-04-10 19:12:50', '2017-04-10 19:12:50', NULL),
(18, 'LA GUAJIRA', '2017-04-10 19:12:50', '2017-04-10 19:12:50', NULL),
(19, 'MAGDALENA', '2017-04-10 19:12:50', '2017-04-10 19:12:50', NULL),
(20, 'META', '2017-04-10 19:12:50', '2017-04-10 19:12:50', NULL),
(21, 'NARIÑO', '2017-04-10 19:12:50', '2017-04-10 19:12:50', NULL),
(22, 'NORTE DE SANTANDER', '2017-04-10 19:12:50', '2017-04-10 19:12:50', NULL),
(23, 'PUTUMAYO', '2017-04-10 19:12:50', '2017-04-10 19:12:50', NULL),
(24, 'QUINDÍO', '2017-04-10 19:12:50', '2017-04-10 19:12:50', NULL),
(25, 'RISARALDA', '2017-04-10 19:12:50', '2017-04-10 19:12:50', NULL),
(26, 'SAN ANDRÉS Y ROVIDENCIA', '2017-04-10 19:12:50', '2017-04-10 19:12:50', NULL),
(27, 'SANTANDER', '2017-04-10 19:12:50', '2017-04-10 19:12:50', NULL),
(28, 'SUCRE', '2017-04-10 19:12:50', '2017-04-10 19:12:50', NULL),
(29, 'TOLIMA', '2017-04-10 19:12:50', '2017-04-10 19:12:50', NULL),
(30, 'VALLE DEL CAUCA', '2017-04-10 19:12:50', '2017-04-10 19:12:50', NULL),
(31, 'VAUPÉS', '2017-04-10 19:12:50', '2017-04-10 19:12:50', NULL),
(32, 'VICHADA', '2017-04-10 19:12:50', '2017-04-10 19:12:50', NULL);

-- --------------------------------------------------------

--
-- Estructura de tabla para la tabla `docentes`
--

CREATE TABLE `docentes` (
  `id` int(10) UNSIGNED NOT NULL,
  `nombres` varchar(255) COLLATE utf8mb4_unicode_ci NOT NULL,
  `apellidos` varchar(255) COLLATE utf8mb4_unicode_ci NOT NULL,
  `fecha_nacimiento` date NOT NULL,
  `direccion` varchar(255) COLLATE utf8mb4_unicode_ci NOT NULL,
  `municipio_id` varchar(255) COLLATE utf8mb4_unicode_ci NOT NULL,
  `telefono` varchar(255) COLLATE utf8mb4_unicode_ci NOT NULL,
  `celular` varchar(255) COLLATE utf8mb4_unicode_ci NOT NULL,
  `afinadad` text COLLATE utf8mb4_unicode_ci NOT NULL,
  `Cedula` varchar(255) COLLATE utf8mb4_unicode_ci NOT NULL,
  `created_at` timestamp NULL DEFAULT NULL,
  `updated_at` timestamp NULL DEFAULT NULL,
  `deleted_at` timestamp NULL DEFAULT NULL,
  `user_id` int(10) UNSIGNED NOT NULL
) ENGINE=InnoDB DEFAULT CHARSET=utf8mb4 COLLATE=utf8mb4_unicode_ci;

--
-- Volcado de datos para la tabla `docentes`
--

INSERT INTO `docentes` (`id`, `nombres`, `apellidos`, `fecha_nacimiento`, `direccion`, `municipio_id`, `telefono`, `celular`, `afinadad`, `Cedula`, `created_at`, `updated_at`, `deleted_at`, `user_id`) VALUES
(1, 'Manuel', 'Vizcaya Ortiz', '1985-05-06', 'cl45 #10-5', '493', '7865421', '3005441212', 'Ciencias exactas', '50641321', '2017-11-03 16:32:19', '2017-11-03 16:32:19', NULL, 1);

-- --------------------------------------------------------

--
-- Estructura de tabla para la tabla `estudiantes`
--

CREATE TABLE `estudiantes` (
  `id` int(10) UNSIGNED NOT NULL,
  `nombres` varchar(255) COLLATE utf8mb4_unicode_ci NOT NULL,
  `apellidos` varchar(255) COLLATE utf8mb4_unicode_ci NOT NULL,
  `di` varchar(255) COLLATE utf8mb4_unicode_ci NOT NULL,
  `direccion` varchar(255) COLLATE utf8mb4_unicode_ci NOT NULL,
  `municipio_id` int(10) UNSIGNED NOT NULL,
  `nombree_acudiente` varchar(255) COLLATE utf8mb4_unicode_ci NOT NULL,
  `apellidos_acudiente` varchar(255) COLLATE utf8mb4_unicode_ci NOT NULL,
  `telefono_acudiente` varchar(255) COLLATE utf8mb4_unicode_ci NOT NULL,
  `celular_acudiente` varchar(255) COLLATE utf8mb4_unicode_ci NOT NULL,
  `grado` varchar(255) COLLATE utf8mb4_unicode_ci NOT NULL,
  `grupo` varchar(255) COLLATE utf8mb4_unicode_ci NOT NULL,
  `edad` int(11) NOT NULL,
  `observaciones` text COLLATE utf8mb4_unicode_ci NOT NULL,
  `tipo_rh` varchar(255) COLLATE utf8mb4_unicode_ci NOT NULL,
  `created_at` timestamp NULL DEFAULT NULL,
  `updated_at` timestamp NULL DEFAULT NULL,
  `deleted_at` timestamp NULL DEFAULT NULL,
  `user_id` int(10) UNSIGNED NOT NULL
) ENGINE=InnoDB DEFAULT CHARSET=utf8mb4 COLLATE=utf8mb4_unicode_ci;

--
-- Volcado de datos para la tabla `estudiantes`
--

INSERT INTO `estudiantes` (`id`, `nombres`, `apellidos`, `di`, `direccion`, `municipio_id`, `nombree_acudiente`, `apellidos_acudiente`, `telefono_acudiente`, `celular_acudiente`, `grado`, `grupo`, `edad`, `observaciones`, `tipo_rh`, `created_at`, `updated_at`, `deleted_at`, `user_id`) VALUES
(1, 'Martha Cecilia', 'Ruiz Villada', '18643551', 'cll 90 #54-2', 979, 'Mario alberto', 'Ramirez Ruiz', '7854545', '3014567865', '8', 'A', 13, 'Culpa molestiae amet sit aute sint placeat maxime reprehenderit soluta facilis', 'Rh - O+', '2017-11-03 16:15:17', '2017-11-03 16:15:17', NULL, 1);

-- --------------------------------------------------------

--
-- Estructura de tabla para la tabla `impartes`
--

CREATE TABLE `impartes` (
  `id` int(10) UNSIGNED NOT NULL,
  `docente_id` int(10) UNSIGNED NOT NULL,
  `asignatura_id` int(10) UNSIGNED NOT NULL,
  `ano` varchar(255) COLLATE utf8mb4_unicode_ci NOT NULL,
  `created_at` timestamp NULL DEFAULT NULL,
  `updated_at` timestamp NULL DEFAULT NULL,
  `deleted_at` timestamp NULL DEFAULT NULL,
  `user_id` int(10) UNSIGNED NOT NULL
) ENGINE=InnoDB DEFAULT CHARSET=utf8mb4 COLLATE=utf8mb4_unicode_ci;

-- --------------------------------------------------------

--
-- Estructura de tabla para la tabla `migrations`
--

CREATE TABLE `migrations` (
  `id` int(10) UNSIGNED NOT NULL,
  `migration` varchar(255) COLLATE utf8mb4_unicode_ci NOT NULL,
  `batch` int(11) NOT NULL
) ENGINE=InnoDB DEFAULT CHARSET=utf8mb4 COLLATE=utf8mb4_unicode_ci;

--
-- Volcado de datos para la tabla `migrations`
--

INSERT INTO `migrations` (`id`, `migration`, `batch`) VALUES
(1, '2014_10_12_000000_create_users_table', 1),
(2, '2014_10_12_100000_create_password_resets_table', 1),
(3, '2016_08_01_232841_create_roles_table', 1),
(4, '2016_08_02_000515_create_assigned_roles_table', 1),
(5, '2017_05_26_223644_create_departamentos_table', 1),
(6, '2017_05_27_013820_create_municipios_table', 1),
(7, '2017_09_29_125435_create_sedes_table', 2),
(8, '2017_11_03_104809_create_estudiantes_table', 3),
(9, '2017_11_03_112734_create_docentes_table', 4),
(10, '2017_11_03_113732_create_asignaturas_table', 5),
(11, '2017_11_03_130442_create_cursas_table', 6),
(12, '2017_11_03_141456_create_impartes_table', 7);

-- --------------------------------------------------------

--
-- Estructura de tabla para la tabla `municipios`
--

CREATE TABLE `municipios` (
  `id` int(10) UNSIGNED NOT NULL,
  `nombre` varchar(150) COLLATE utf8mb4_unicode_ci NOT NULL,
  `id_departamento` int(10) UNSIGNED NOT NULL,
  `created_at` timestamp NULL DEFAULT NULL,
  `updated_at` timestamp NULL DEFAULT NULL,
  `deleted_at` timestamp NULL DEFAULT NULL
) ENGINE=InnoDB DEFAULT CHARSET=utf8mb4 COLLATE=utf8mb4_unicode_ci;

--
-- Volcado de datos para la tabla `municipios`
--

INSERT INTO `municipios` (`id`, `nombre`, `id_departamento`, `created_at`, `updated_at`, `deleted_at`) VALUES
(1, 'EL ENCANTO', 1, '2017-04-10 19:12:50', '2017-04-10 19:12:50', NULL),
(2, 'LA CHORRERA', 1, '2017-04-10 19:12:50', '2017-04-10 19:12:50', NULL),
(3, 'LA PEDRERA', 1, '2017-04-10 19:12:50', '2017-04-10 19:12:50', NULL),
(4, 'LA VICTORIA', 1, '2017-04-10 19:12:50', '2017-04-10 19:12:50', NULL),
(5, 'LETICIA', 1, '2017-04-10 19:12:50', '2017-04-10 19:12:50', NULL),
(6, 'MIRITI', 1, '2017-04-10 19:12:50', '2017-04-10 19:12:50', NULL),
(7, 'PUERTO ALEGRIA', 1, '2017-04-10 19:12:50', '2017-04-10 19:12:50', NULL),
(8, 'PUERTO ARICA', 1, '2017-04-10 19:12:50', '2017-04-10 19:12:50', NULL),
(9, 'PUERTO NARIÑO', 1, '2017-04-10 19:12:50', '2017-04-10 19:12:50', NULL),
(10, 'PUERTO SANTANDER', 1, '2017-04-10 19:12:50', '2017-04-10 19:12:50', NULL),
(11, 'TURAPACA', 1, '2017-04-10 19:12:50', '2017-04-10 19:12:50', NULL),
(12, 'ABEJORRAL', 2, '2017-04-10 19:12:50', '2017-04-10 19:12:50', NULL),
(13, 'ABRIAQUI', 2, '2017-04-10 19:12:50', '2017-04-10 19:12:50', NULL),
(14, 'ALEJANDRIA', 2, '2017-04-10 19:12:50', '2017-04-10 19:12:50', NULL),
(15, 'AMAGA', 2, '2017-04-10 19:12:50', '2017-04-10 19:12:50', NULL),
(16, 'AMALFI', 2, '2017-04-10 19:12:50', '2017-04-10 19:12:50', NULL),
(17, 'ANDES', 2, '2017-04-10 19:12:50', '2017-04-10 19:12:50', NULL),
(18, 'ANGELOPOLIS', 2, '2017-04-10 19:12:50', '2017-04-10 19:12:50', NULL),
(19, 'ANGOSTURA', 2, '2017-04-10 19:12:50', '2017-04-10 19:12:50', NULL),
(20, 'ANORI', 2, '2017-04-10 19:12:50', '2017-04-10 19:12:50', NULL),
(21, 'ANTIOQUIA', 2, '2017-04-10 19:12:50', '2017-04-10 19:12:50', NULL),
(22, 'ANZA', 2, '2017-04-10 19:12:50', '2017-04-10 19:12:50', NULL),
(23, 'APARTADO', 2, '2017-04-10 19:12:50', '2017-04-10 19:12:50', NULL),
(24, 'ARBOLETES', 2, '2017-04-10 19:12:50', '2017-04-10 19:12:50', NULL),
(25, 'ARGELIA', 2, '2017-04-10 19:12:50', '2017-04-10 19:12:50', NULL),
(26, 'ARMENIA', 2, '2017-04-10 19:12:50', '2017-04-10 19:12:50', NULL),
(27, 'BARBOSA', 2, '2017-04-10 19:12:50', '2017-04-10 19:12:50', NULL),
(28, 'BELLO', 2, '2017-04-10 19:12:50', '2017-04-10 19:12:50', NULL),
(29, 'BELMIRA', 2, '2017-04-10 19:12:50', '2017-04-10 19:12:50', NULL),
(30, 'BETANIA', 2, '2017-04-10 19:12:50', '2017-04-10 19:12:50', NULL),
(31, 'BETULIA', 2, '2017-04-10 19:12:50', '2017-04-10 19:12:50', NULL),
(32, 'BOLIVAR', 2, '2017-04-10 19:12:50', '2017-04-10 19:12:50', NULL),
(33, 'BRICEÑO', 2, '2017-04-10 19:12:50', '2017-04-10 19:12:50', NULL),
(34, 'BURITICA', 2, '2017-04-10 19:12:50', '2017-04-10 19:12:50', NULL),
(35, 'CACERES', 2, '2017-04-10 19:12:50', '2017-04-10 19:12:50', NULL),
(36, 'CAICEDO', 2, '2017-04-10 19:12:50', '2017-04-10 19:12:50', NULL),
(37, 'CALDAS', 2, '2017-04-10 19:12:50', '2017-04-10 19:12:50', NULL),
(38, 'CAMPAMENTO', 2, '2017-04-10 19:12:50', '2017-04-10 19:12:50', NULL),
(39, 'CANASGORDAS', 2, '2017-04-10 19:12:50', '2017-04-10 19:12:50', NULL),
(40, 'CARACOLI', 2, '2017-04-10 19:12:50', '2017-04-10 19:12:50', NULL),
(41, 'CARAMANTA', 2, '2017-04-10 19:12:50', '2017-04-10 19:12:50', NULL),
(42, 'CAREPA', 2, '2017-04-10 19:12:50', '2017-04-10 19:12:50', NULL),
(43, 'CARMEN DE VIBORAL', 2, '2017-04-10 19:12:50', '2017-04-10 19:12:50', NULL),
(44, 'CAROLINA DEL PRINCIPE', 2, '2017-04-10 19:12:50', '2017-04-10 19:12:50', NULL),
(45, 'CAUCASIA', 2, '2017-04-10 19:12:50', '2017-04-10 19:12:50', NULL),
(46, 'CHIGORODO', 2, '2017-04-10 19:12:50', '2017-04-10 19:12:50', NULL),
(47, 'CISNEROS', 2, '2017-04-10 19:12:50', '2017-04-10 19:12:50', NULL),
(48, 'COCORNA', 2, '2017-04-10 19:12:50', '2017-04-10 19:12:50', NULL),
(49, 'CONCEPCION', 2, '2017-04-10 19:12:50', '2017-04-10 19:12:50', NULL),
(50, 'CONCORDIA', 2, '2017-04-10 19:12:50', '2017-04-10 19:12:50', NULL),
(51, 'COPACABANA', 2, '2017-04-10 19:12:50', '2017-04-10 19:12:50', NULL),
(52, 'DABEIBA', 2, '2017-04-10 19:12:50', '2017-04-10 19:12:50', NULL),
(53, 'DONMATIAS', 2, '2017-04-10 19:12:50', '2017-04-10 19:12:50', NULL),
(54, 'EBEJICO', 2, '2017-04-10 19:12:50', '2017-04-10 19:12:50', NULL),
(55, 'EL BAGRE', 2, '2017-04-10 19:12:50', '2017-04-10 19:12:50', NULL),
(56, 'EL PENOL', 2, '2017-04-10 19:12:50', '2017-04-10 19:12:50', NULL),
(57, 'EL RETIRO', 2, '2017-04-10 19:12:50', '2017-04-10 19:12:50', NULL),
(58, 'ENTRERRIOS', 2, '2017-04-10 19:12:50', '2017-04-10 19:12:50', NULL),
(59, 'ENVIGADO', 2, '2017-04-10 19:12:50', '2017-04-10 19:12:50', NULL),
(60, 'FREDONIA', 2, '2017-04-10 19:12:50', '2017-04-10 19:12:50', NULL),
(61, 'FRONTINO', 2, '2017-04-10 19:12:50', '2017-04-10 19:12:50', NULL),
(62, 'GIRALDO', 2, '2017-04-10 19:12:50', '2017-04-10 19:12:50', NULL),
(63, 'GIRARDOTA', 2, '2017-04-10 19:12:50', '2017-04-10 19:12:50', NULL),
(64, 'GOMEZ PLATA', 2, '2017-04-10 19:12:50', '2017-04-10 19:12:50', NULL),
(65, 'GRANADA', 2, '2017-04-10 19:12:50', '2017-04-10 19:12:50', NULL),
(66, 'GUADALUPE', 2, '2017-04-10 19:12:50', '2017-04-10 19:12:50', NULL),
(67, 'GUARNE', 2, '2017-04-10 19:12:50', '2017-04-10 19:12:50', NULL),
(68, 'GUATAQUE', 2, '2017-04-10 19:12:50', '2017-04-10 19:12:50', NULL),
(69, 'HELICONIA', 2, '2017-04-10 19:12:50', '2017-04-10 19:12:50', NULL),
(70, 'HISPANIA', 2, '2017-04-10 19:12:50', '2017-04-10 19:12:50', NULL),
(71, 'ITAGUI', 2, '2017-04-10 19:12:50', '2017-04-10 19:12:50', NULL),
(72, 'ITUANGO', 2, '2017-04-10 19:12:50', '2017-04-10 19:12:50', NULL),
(73, 'JARDIN', 2, '2017-04-10 19:12:50', '2017-04-10 19:12:50', NULL),
(74, 'JERICO', 2, '2017-04-10 19:12:50', '2017-04-10 19:12:50', NULL),
(75, 'LA CEJA', 2, '2017-04-10 19:12:50', '2017-04-10 19:12:50', NULL),
(76, 'LA ESTRELLA', 2, '2017-04-10 19:12:50', '2017-04-10 19:12:50', NULL),
(77, 'LA PINTADA', 2, '2017-04-10 19:12:50', '2017-04-10 19:12:50', NULL),
(78, 'LA UNION', 2, '2017-04-10 19:12:50', '2017-04-10 19:12:50', NULL),
(79, 'LIBORINA', 2, '2017-04-10 19:12:50', '2017-04-10 19:12:50', NULL),
(80, 'MACEO', 2, '2017-04-10 19:12:50', '2017-04-10 19:12:50', NULL),
(81, 'MARINILLA', 2, '2017-04-10 19:12:50', '2017-04-10 19:12:50', NULL),
(82, 'MEDELLIN', 2, '2017-04-10 19:12:50', '2017-04-10 19:12:50', NULL),
(83, 'MONTEBELLO', 2, '2017-04-10 19:12:50', '2017-04-10 19:12:50', NULL),
(84, 'MURINDO', 2, '2017-04-10 19:12:50', '2017-04-10 19:12:50', NULL),
(85, 'MUTATA', 2, '2017-04-10 19:12:50', '2017-04-10 19:12:50', NULL),
(86, 'NARINO', 2, '2017-04-10 19:12:50', '2017-04-10 19:12:50', NULL),
(87, 'NECHI', 2, '2017-04-10 19:12:50', '2017-04-10 19:12:50', NULL),
(88, 'NECOCLI', 2, '2017-04-10 19:12:50', '2017-04-10 19:12:50', NULL),
(89, 'OLAYA', 2, '2017-04-10 19:12:50', '2017-04-10 19:12:50', NULL),
(90, 'PEQUE', 2, '2017-04-10 19:12:50', '2017-04-10 19:12:50', NULL),
(91, 'PUEBLORRICO', 2, '2017-04-10 19:12:50', '2017-04-10 19:12:50', NULL),
(92, 'PUERTO BERRIO', 2, '2017-04-10 19:12:50', '2017-04-10 19:12:50', NULL),
(93, 'PUERTO NARE', 2, '2017-04-10 19:12:50', '2017-04-10 19:12:50', NULL),
(94, 'PUERTO TRIUNFO', 2, '2017-04-10 19:12:50', '2017-04-10 19:12:50', NULL),
(95, 'REMEDIOS', 2, '2017-04-10 19:12:50', '2017-04-10 19:12:50', NULL),
(96, 'RIONEGRO', 2, '2017-04-10 19:12:50', '2017-04-10 19:12:50', NULL),
(97, 'SABANALARGA', 2, '2017-04-10 19:12:50', '2017-04-10 19:12:50', NULL),
(98, 'SABANETA', 2, '2017-04-10 19:12:50', '2017-04-10 19:12:50', NULL),
(99, 'SALGAR', 2, '2017-04-10 19:12:50', '2017-04-10 19:12:50', NULL),
(100, 'SAN ANDRES DE CUERQUIA', 2, '2017-04-10 19:12:50', '2017-04-10 19:12:50', NULL),
(101, 'SAN CARLOS', 2, '2017-04-10 19:12:50', '2017-04-10 19:12:50', NULL),
(102, 'SAN FRANCISCO', 2, '2017-04-10 19:12:50', '2017-04-10 19:12:50', NULL),
(103, 'SAN JERONIMO', 2, '2017-04-10 19:12:50', '2017-04-10 19:12:50', NULL),
(104, 'SAN JOSE DE LA MONTAÑA', 2, '2017-04-10 19:12:50', '2017-04-10 19:12:50', NULL),
(105, 'SAN JUAN DE URABA', 2, '2017-04-10 19:12:50', '2017-04-10 19:12:50', NULL),
(106, 'SAN LUIS', 2, '2017-04-10 19:12:50', '2017-04-10 19:12:50', NULL),
(107, 'SAN PEDRO DE LOS MILAGROS', 2, '2017-04-10 19:12:50', '2017-04-10 19:12:50', NULL),
(108, 'SAN PEDRO DE URABA', 2, '2017-04-10 19:12:50', '2017-04-10 19:12:50', NULL),
(109, 'SAN RAFAEL', 2, '2017-04-10 19:12:50', '2017-04-10 19:12:50', NULL),
(110, 'SAN ROQUE', 2, '2017-04-10 19:12:50', '2017-04-10 19:12:50', NULL),
(111, 'SAN VICENTE', 2, '2017-04-10 19:12:50', '2017-04-10 19:12:50', NULL),
(112, 'SANTA BARBARA', 2, '2017-04-10 19:12:50', '2017-04-10 19:12:50', NULL),
(113, 'SANTA ROSA DE OSOS', 2, '2017-04-10 19:12:50', '2017-04-10 19:12:50', NULL),
(114, 'SANTO DOMINGO', 2, '2017-04-10 19:12:50', '2017-04-10 19:12:50', NULL),
(115, 'SANTUARIO', 2, '2017-04-10 19:12:50', '2017-04-10 19:12:50', NULL),
(116, 'SEGOVIA', 2, '2017-04-10 19:12:50', '2017-04-10 19:12:50', NULL),
(117, 'SONSON', 2, '2017-04-10 19:12:50', '2017-04-10 19:12:50', NULL),
(118, 'SOPETRAN', 2, '2017-04-10 19:12:50', '2017-04-10 19:12:50', NULL),
(119, 'TAMESIS', 2, '2017-04-10 19:12:50', '2017-04-10 19:12:50', NULL),
(120, 'TARAZA', 2, '2017-04-10 19:12:50', '2017-04-10 19:12:50', NULL),
(121, 'TARSO', 2, '2017-04-10 19:12:50', '2017-04-10 19:12:50', NULL),
(122, 'TITIRIBI', 2, '2017-04-10 19:12:50', '2017-04-10 19:12:50', NULL),
(123, 'TOLEDO', 2, '2017-04-10 19:12:50', '2017-04-10 19:12:50', NULL),
(124, 'TURBO', 2, '2017-04-10 19:12:50', '2017-04-10 19:12:50', NULL),
(125, 'URAMITA', 2, '2017-04-10 19:12:50', '2017-04-10 19:12:50', NULL),
(126, 'URRAO', 2, '2017-04-10 19:12:50', '2017-04-10 19:12:50', NULL),
(127, 'VALDIVIA', 2, '2017-04-10 19:12:50', '2017-04-10 19:12:50', NULL),
(128, 'VALPARAISO', 2, '2017-04-10 19:12:50', '2017-04-10 19:12:50', NULL),
(129, 'VEGACHI', 2, '2017-04-10 19:12:50', '2017-04-10 19:12:50', NULL),
(130, 'VENECIA', 2, '2017-04-10 19:12:50', '2017-04-10 19:12:50', NULL),
(131, 'VIGIA DEL FUERTE', 2, '2017-04-10 19:12:50', '2017-04-10 19:12:50', NULL),
(132, 'YALI', 2, '2017-04-10 19:12:50', '2017-04-10 19:12:50', NULL),
(133, 'YARUMAL', 2, '2017-04-10 19:12:50', '2017-04-10 19:12:50', NULL),
(134, 'YOLOMBO', 2, '2017-04-10 19:12:50', '2017-04-10 19:12:50', NULL),
(135, 'YONDO', 2, '2017-04-10 19:12:50', '2017-04-10 19:12:50', NULL),
(136, 'ZARAGOZA', 2, '2017-04-10 19:12:50', '2017-04-10 19:12:50', NULL),
(137, 'ARAUCA', 3, '2017-04-10 19:12:50', '2017-04-10 19:12:50', NULL),
(138, 'ARAUQUITA', 3, '2017-04-10 19:12:50', '2017-04-10 19:12:50', NULL),
(139, 'CRAVO NORTE', 3, '2017-04-10 19:12:50', '2017-04-10 19:12:50', NULL),
(140, 'FORTUL', 3, '2017-04-10 19:12:50', '2017-04-10 19:12:50', NULL),
(141, 'PUERTO RONDON', 3, '2017-04-10 19:12:50', '2017-04-10 19:12:50', NULL),
(142, 'SARAVENA', 3, '2017-04-10 19:12:50', '2017-04-10 19:12:50', NULL),
(143, 'TAME', 3, '2017-04-10 19:12:50', '2017-04-10 19:12:50', NULL),
(144, 'BARANOA', 4, '2017-04-10 19:12:50', '2017-04-10 19:12:50', NULL),
(145, 'BARRANQUILLA', 4, '2017-04-10 19:12:50', '2017-04-10 19:12:50', NULL),
(146, 'CAMPO DE LA CRUZ', 4, '2017-04-10 19:12:50', '2017-04-10 19:12:50', NULL),
(147, 'CANDELARIA', 4, '2017-04-10 19:12:50', '2017-04-10 19:12:50', NULL),
(148, 'GALAPA', 4, '2017-04-10 19:12:50', '2017-04-10 19:12:50', NULL),
(149, 'JUAN DE ACOSTA', 4, '2017-04-10 19:12:50', '2017-04-10 19:12:50', NULL),
(150, 'LURUACO', 4, '2017-04-10 19:12:50', '2017-04-10 19:12:50', NULL),
(151, 'MALAMBO', 4, '2017-04-10 19:12:50', '2017-04-10 19:12:50', NULL),
(152, 'MANATI', 4, '2017-04-10 19:12:50', '2017-04-10 19:12:50', NULL),
(153, 'PALMAR DE VARELA', 4, '2017-04-10 19:12:50', '2017-04-10 19:12:50', NULL),
(154, 'PIOJO', 4, '2017-04-10 19:12:50', '2017-04-10 19:12:50', NULL),
(155, 'POLO NUEVO', 4, '2017-04-10 19:12:50', '2017-04-10 19:12:50', NULL),
(156, 'PONEDERA', 4, '2017-04-10 19:12:50', '2017-04-10 19:12:50', NULL),
(157, 'PUERTO COLOMBIA', 4, '2017-04-10 19:12:50', '2017-04-10 19:12:50', NULL),
(158, 'REPELON', 4, '2017-04-10 19:12:50', '2017-04-10 19:12:50', NULL),
(159, 'SABANAGRANDE', 4, '2017-04-10 19:12:50', '2017-04-10 19:12:50', NULL),
(160, 'SABANALARGA', 4, '2017-04-10 19:12:50', '2017-04-10 19:12:50', NULL),
(161, 'SANTA LUCIA', 4, '2017-04-10 19:12:50', '2017-04-10 19:12:50', NULL),
(162, 'SANTO TOMAS', 4, '2017-04-10 19:12:50', '2017-04-10 19:12:50', NULL),
(163, 'SOLEDAD', 4, '2017-04-10 19:12:50', '2017-04-10 19:12:50', NULL),
(164, 'SUAN', 4, '2017-04-10 19:12:50', '2017-04-10 19:12:50', NULL),
(165, 'TUBARA', 4, '2017-04-10 19:12:50', '2017-04-10 19:12:50', NULL),
(166, 'USIACURI', 4, '2017-04-10 19:12:50', '2017-04-10 19:12:50', NULL),
(167, 'ACHI', 5, '2017-04-10 19:12:50', '2017-04-10 19:12:50', NULL),
(168, 'ALTOS DEL ROSARIO', 5, '2017-04-10 19:12:50', '2017-04-10 19:12:50', NULL),
(169, 'ARENAL', 5, '2017-04-10 19:12:50', '2017-04-10 19:12:50', NULL),
(170, 'ARJONA', 5, '2017-04-10 19:12:50', '2017-04-10 19:12:50', NULL),
(171, 'ARROYOHONDO', 5, '2017-04-10 19:12:50', '2017-04-10 19:12:50', NULL),
(172, 'BARRANCO DE LOBA', 5, '2017-04-10 19:12:50', '2017-04-10 19:12:50', NULL),
(173, 'BRAZUELO DE PAPAYAL', 5, '2017-04-10 19:12:50', '2017-04-10 19:12:50', NULL),
(174, 'CALAMAR', 5, '2017-04-10 19:12:50', '2017-04-10 19:12:50', NULL),
(175, 'CANTAGALLO', 5, '2017-04-10 19:12:50', '2017-04-10 19:12:50', NULL),
(176, 'CARTAGENA DE INDIAS', 5, '2017-04-10 19:12:50', '2017-04-10 19:12:50', NULL),
(177, 'CICUCO', 5, '2017-04-10 19:12:50', '2017-04-10 19:12:50', NULL),
(178, 'CLEMENCIA', 5, '2017-04-10 19:12:50', '2017-04-10 19:12:50', NULL),
(179, 'CORDOBA', 5, '2017-04-10 19:12:50', '2017-04-10 19:12:50', NULL),
(180, 'EL CARMEN DE BOLIVAR', 5, '2017-04-10 19:12:50', '2017-04-10 19:12:50', NULL),
(181, 'EL GUAMO', 5, '2017-04-10 19:12:50', '2017-04-10 19:12:50', NULL),
(182, 'EL PENION', 5, '2017-04-10 19:12:50', '2017-04-10 19:12:50', NULL),
(183, 'HATILLO DE LOBA', 5, '2017-04-10 19:12:50', '2017-04-10 19:12:50', NULL),
(184, 'MAGANGUE', 5, '2017-04-10 19:12:50', '2017-04-10 19:12:50', NULL),
(185, 'MAHATES', 5, '2017-04-10 19:12:50', '2017-04-10 19:12:50', NULL),
(186, 'MARGARITA', 5, '2017-04-10 19:12:50', '2017-04-10 19:12:50', NULL),
(187, 'MARIA LA BAJA', 5, '2017-04-10 19:12:50', '2017-04-10 19:12:50', NULL),
(188, 'MONTECRISTO', 5, '2017-04-10 19:12:50', '2017-04-10 19:12:50', NULL),
(189, 'MORALES', 5, '2017-04-10 19:12:50', '2017-04-10 19:12:50', NULL),
(190, 'MORALES', 5, '2017-04-10 19:12:50', '2017-04-10 19:12:50', NULL),
(191, 'NOROSI', 5, '2017-04-10 19:12:50', '2017-04-10 19:12:50', NULL),
(192, 'PINILLOS', 5, '2017-04-10 19:12:50', '2017-04-10 19:12:50', NULL),
(193, 'REGIDOR', 5, '2017-04-10 19:12:50', '2017-04-10 19:12:50', NULL),
(194, 'RIO VIEJO', 5, '2017-04-10 19:12:50', '2017-04-10 19:12:50', NULL),
(195, 'SAN CRISTOBAL', 5, '2017-04-10 19:12:50', '2017-04-10 19:12:50', NULL),
(196, 'SAN ESTANISLAO', 5, '2017-04-10 19:12:50', '2017-04-10 19:12:50', NULL),
(197, 'SAN FERNANDO', 5, '2017-04-10 19:12:50', '2017-04-10 19:12:50', NULL),
(198, 'SAN JACINTO', 5, '2017-04-10 19:12:50', '2017-04-10 19:12:50', NULL),
(199, 'SAN JACINTO DEL CAUCA', 5, '2017-04-10 19:12:50', '2017-04-10 19:12:50', NULL),
(200, 'SAN JUAN DE NEPOMUCENO', 5, '2017-04-10 19:12:50', '2017-04-10 19:12:50', NULL),
(201, 'SAN MARTIN DE LOBA', 5, '2017-04-10 19:12:50', '2017-04-10 19:12:50', NULL),
(202, 'SAN PABLO', 5, '2017-04-10 19:12:50', '2017-04-10 19:12:50', NULL),
(203, 'SAN PABLO NORTE', 5, '2017-04-10 19:12:50', '2017-04-10 19:12:50', NULL),
(204, 'SANTA CATALINA', 5, '2017-04-10 19:12:50', '2017-04-10 19:12:50', NULL),
(205, 'SANTA CRUZ DE MOMPOX', 5, '2017-04-10 19:12:50', '2017-04-10 19:12:50', NULL),
(206, 'SANTA ROSA', 5, '2017-04-10 19:12:50', '2017-04-10 19:12:50', NULL),
(207, 'SANTA ROSA DEL SUR', 5, '2017-04-10 19:12:50', '2017-04-10 19:12:50', NULL),
(208, 'SIMITI', 5, '2017-04-10 19:12:50', '2017-04-10 19:12:50', NULL),
(209, 'SOPLAVIENTO', 5, '2017-04-10 19:12:50', '2017-04-10 19:12:50', NULL),
(210, 'TALAIGUA NUEVO', 5, '2017-04-10 19:12:50', '2017-04-10 19:12:50', NULL),
(211, 'TUQUISIO', 5, '2017-04-10 19:12:50', '2017-04-10 19:12:50', NULL),
(212, 'TURBACO', 5, '2017-04-10 19:12:50', '2017-04-10 19:12:50', NULL),
(213, 'TURBANA', 5, '2017-04-10 19:12:50', '2017-04-10 19:12:50', NULL),
(214, 'VILLANUEVA', 5, '2017-04-10 19:12:50', '2017-04-10 19:12:50', NULL),
(215, 'ZAMBRANO', 5, '2017-04-10 19:12:50', '2017-04-10 19:12:50', NULL),
(216, 'AQUITANIA', 6, '2017-04-10 19:12:50', '2017-04-10 19:12:50', NULL),
(217, 'ARCABUCO', 6, '2017-04-10 19:12:50', '2017-04-10 19:12:50', NULL),
(218, 'BELÉN', 6, '2017-04-10 19:12:50', '2017-04-10 19:12:50', NULL),
(219, 'BERBEO', 6, '2017-04-10 19:12:50', '2017-04-10 19:12:50', NULL),
(220, 'BETÉITIVA', 6, '2017-04-10 19:12:50', '2017-04-10 19:12:50', NULL),
(221, 'BOAVITA', 6, '2017-04-10 19:12:50', '2017-04-10 19:12:50', NULL),
(222, 'BOYACÁ', 6, '2017-04-10 19:12:50', '2017-04-10 19:12:50', NULL),
(223, 'BRICEÑO', 6, '2017-04-10 19:12:50', '2017-04-10 19:12:50', NULL),
(224, 'BUENAVISTA', 6, '2017-04-10 19:12:50', '2017-04-10 19:12:50', NULL),
(225, 'BUSBANZÁ', 6, '2017-04-10 19:12:50', '2017-04-10 19:12:50', NULL),
(226, 'CALDAS', 6, '2017-04-10 19:12:50', '2017-04-10 19:12:50', NULL),
(227, 'CAMPO HERMOSO', 6, '2017-04-10 19:12:50', '2017-04-10 19:12:50', NULL),
(228, 'CERINZA', 6, '2017-04-10 19:12:50', '2017-04-10 19:12:50', NULL),
(229, 'CHINAVITA', 6, '2017-04-10 19:12:50', '2017-04-10 19:12:50', NULL),
(230, 'CHIQUINQUIRÁ', 6, '2017-04-10 19:12:50', '2017-04-10 19:12:50', NULL),
(231, 'CHÍQUIZA', 6, '2017-04-10 19:12:50', '2017-04-10 19:12:50', NULL),
(232, 'CHISCAS', 6, '2017-04-10 19:12:50', '2017-04-10 19:12:50', NULL),
(233, 'CHITA', 6, '2017-04-10 19:12:50', '2017-04-10 19:12:50', NULL),
(234, 'CHITARAQUE', 6, '2017-04-10 19:12:50', '2017-04-10 19:12:50', NULL),
(235, 'CHIVATÁ', 6, '2017-04-10 19:12:50', '2017-04-10 19:12:50', NULL),
(236, 'CIÉNEGA', 6, '2017-04-10 19:12:50', '2017-04-10 19:12:50', NULL),
(237, 'CÓMBITA', 6, '2017-04-10 19:12:50', '2017-04-10 19:12:50', NULL),
(238, 'COPER', 6, '2017-04-10 19:12:50', '2017-04-10 19:12:50', NULL),
(239, 'CORRALES', 6, '2017-04-10 19:12:50', '2017-04-10 19:12:50', NULL),
(240, 'COVARACHÍA', 6, '2017-04-10 19:12:50', '2017-04-10 19:12:50', NULL),
(241, 'CUBARA', 6, '2017-04-10 19:12:50', '2017-04-10 19:12:50', NULL),
(242, 'CUCAITA', 6, '2017-04-10 19:12:50', '2017-04-10 19:12:50', NULL),
(243, 'CUITIVA', 6, '2017-04-10 19:12:50', '2017-04-10 19:12:50', NULL),
(244, 'DUITAMA', 6, '2017-04-10 19:12:50', '2017-04-10 19:12:50', NULL),
(245, 'EL COCUY', 6, '2017-04-10 19:12:50', '2017-04-10 19:12:50', NULL),
(246, 'EL ESPINO', 6, '2017-04-10 19:12:50', '2017-04-10 19:12:50', NULL),
(247, 'FIRAVITOBA', 6, '2017-04-10 19:12:50', '2017-04-10 19:12:50', NULL),
(248, 'FLORESTA', 6, '2017-04-10 19:12:50', '2017-04-10 19:12:50', NULL),
(249, 'GACHANTIVÁ', 6, '2017-04-10 19:12:50', '2017-04-10 19:12:50', NULL),
(250, 'GÁMEZA', 6, '2017-04-10 19:12:50', '2017-04-10 19:12:50', NULL),
(251, 'GARAGOA', 6, '2017-04-10 19:12:50', '2017-04-10 19:12:50', NULL),
(252, 'GUACAMAYAS', 6, '2017-04-10 19:12:50', '2017-04-10 19:12:50', NULL),
(253, 'GÜICÁN', 6, '2017-04-10 19:12:50', '2017-04-10 19:12:50', NULL),
(254, 'IZA', 6, '2017-04-10 19:12:50', '2017-04-10 19:12:50', NULL),
(255, 'JENESANO', 6, '2017-04-10 19:12:50', '2017-04-10 19:12:50', NULL),
(256, 'JERICÓ', 6, '2017-04-10 19:12:50', '2017-04-10 19:12:50', NULL),
(257, 'LA UVITA', 6, '2017-04-10 19:12:50', '2017-04-10 19:12:50', NULL),
(258, 'LA VICTORIA', 6, '2017-04-10 19:12:50', '2017-04-10 19:12:50', NULL),
(259, 'LABRANZA GRANDE', 6, '2017-04-10 19:12:50', '2017-04-10 19:12:50', NULL),
(260, 'MACANAL', 6, '2017-04-10 19:12:50', '2017-04-10 19:12:50', NULL),
(261, 'MARIPÍ', 6, '2017-04-10 19:12:50', '2017-04-10 19:12:50', NULL),
(262, 'MIRAFLORES', 6, '2017-04-10 19:12:50', '2017-04-10 19:12:50', NULL),
(263, 'MONGUA', 6, '2017-04-10 19:12:50', '2017-04-10 19:12:50', NULL),
(264, 'MONGUÍ', 6, '2017-04-10 19:12:50', '2017-04-10 19:12:50', NULL),
(265, 'MONIQUIRÁ', 6, '2017-04-10 19:12:50', '2017-04-10 19:12:50', NULL),
(266, 'MOTAVITA', 6, '2017-04-10 19:12:50', '2017-04-10 19:12:50', NULL),
(267, 'MUZO', 6, '2017-04-10 19:12:50', '2017-04-10 19:12:50', NULL),
(268, 'NOBSA', 6, '2017-04-10 19:12:50', '2017-04-10 19:12:50', NULL),
(269, 'NUEVO COLÓN', 6, '2017-04-10 19:12:50', '2017-04-10 19:12:50', NULL),
(270, 'OICATÁ', 6, '2017-04-10 19:12:50', '2017-04-10 19:12:50', NULL),
(271, 'OTANCHE', 6, '2017-04-10 19:12:50', '2017-04-10 19:12:50', NULL),
(272, 'PACHAVITA', 6, '2017-04-10 19:12:50', '2017-04-10 19:12:50', NULL),
(273, 'PÁEZ', 6, '2017-04-10 19:12:50', '2017-04-10 19:12:50', NULL),
(274, 'PAIPA', 6, '2017-04-10 19:12:50', '2017-04-10 19:12:50', NULL),
(275, 'PAJARITO', 6, '2017-04-10 19:12:50', '2017-04-10 19:12:50', NULL),
(276, 'PANQUEBA', 6, '2017-04-10 19:12:50', '2017-04-10 19:12:50', NULL),
(277, 'PAUNA', 6, '2017-04-10 19:12:50', '2017-04-10 19:12:50', NULL),
(278, 'PAYA', 6, '2017-04-10 19:12:50', '2017-04-10 19:12:50', NULL),
(279, 'PAZ DE RÍO', 6, '2017-04-10 19:12:50', '2017-04-10 19:12:50', NULL),
(280, 'PESCA', 6, '2017-04-10 19:12:50', '2017-04-10 19:12:50', NULL),
(281, 'PISBA', 6, '2017-04-10 19:12:50', '2017-04-10 19:12:50', NULL),
(282, 'PUERTO BOYACA', 6, '2017-04-10 19:12:50', '2017-04-10 19:12:50', NULL),
(283, 'QUÍPAMA', 6, '2017-04-10 19:12:50', '2017-04-10 19:12:50', NULL),
(284, 'RAMIRIQUÍ', 6, '2017-04-10 19:12:50', '2017-04-10 19:12:50', NULL),
(285, 'RÁQUIRA', 6, '2017-04-10 19:12:50', '2017-04-10 19:12:50', NULL),
(286, 'RONDÓN', 6, '2017-04-10 19:12:50', '2017-04-10 19:12:50', NULL),
(287, 'SABOYÁ', 6, '2017-04-10 19:12:50', '2017-04-10 19:12:50', NULL),
(288, 'SÁCHICA', 6, '2017-04-10 19:12:50', '2017-04-10 19:12:50', NULL),
(289, 'SAMACÁ', 6, '2017-04-10 19:12:50', '2017-04-10 19:12:50', NULL),
(290, 'SAN EDUARDO', 6, '2017-04-10 19:12:50', '2017-04-10 19:12:50', NULL),
(291, 'SAN JOSÉ DE PARE', 6, '2017-04-10 19:12:50', '2017-04-10 19:12:50', NULL),
(292, 'SAN LUÍS DE GACENO', 6, '2017-04-10 19:12:50', '2017-04-10 19:12:50', NULL),
(293, 'SAN MATEO', 6, '2017-04-10 19:12:50', '2017-04-10 19:12:50', NULL),
(294, 'SAN MIGUEL DE SEMA', 6, '2017-04-10 19:12:50', '2017-04-10 19:12:50', NULL),
(295, 'SAN PABLO DE BORBUR', 6, '2017-04-10 19:12:50', '2017-04-10 19:12:50', NULL),
(296, 'SANTA MARÍA', 6, '2017-04-10 19:12:50', '2017-04-10 19:12:50', NULL),
(297, 'SANTA ROSA DE VITERBO', 6, '2017-04-10 19:12:50', '2017-04-10 19:12:50', NULL),
(298, 'SANTA SOFÍA', 6, '2017-04-10 19:12:50', '2017-04-10 19:12:50', NULL),
(299, 'SANTANA', 6, '2017-04-10 19:12:50', '2017-04-10 19:12:50', NULL),
(300, 'SATIVANORTE', 6, '2017-04-10 19:12:50', '2017-04-10 19:12:50', NULL),
(301, 'SATIVASUR', 6, '2017-04-10 19:12:50', '2017-04-10 19:12:50', NULL),
(302, 'SIACHOQUE', 6, '2017-04-10 19:12:50', '2017-04-10 19:12:50', NULL),
(303, 'SOATÁ', 6, '2017-04-10 19:12:50', '2017-04-10 19:12:50', NULL),
(304, 'SOCHA', 6, '2017-04-10 19:12:50', '2017-04-10 19:12:50', NULL),
(305, 'SOCOTÁ', 6, '2017-04-10 19:12:50', '2017-04-10 19:12:50', NULL),
(306, 'SOGAMOSO', 6, '2017-04-10 19:12:50', '2017-04-10 19:12:50', NULL),
(307, 'SORA', 6, '2017-04-10 19:12:50', '2017-04-10 19:12:50', NULL),
(308, 'SORACÁ', 6, '2017-04-10 19:12:50', '2017-04-10 19:12:50', NULL),
(309, 'SOTAQUIRÁ', 6, '2017-04-10 19:12:50', '2017-04-10 19:12:50', NULL),
(310, 'SUSACÓN', 6, '2017-04-10 19:12:50', '2017-04-10 19:12:50', NULL),
(311, 'SUTARMACHÁN', 6, '2017-04-10 19:12:50', '2017-04-10 19:12:50', NULL),
(312, 'TASCO', 6, '2017-04-10 19:12:50', '2017-04-10 19:12:50', NULL),
(313, 'TIBANÁ', 6, '2017-04-10 19:12:50', '2017-04-10 19:12:50', NULL),
(314, 'TIBASOSA', 6, '2017-04-10 19:12:50', '2017-04-10 19:12:50', NULL),
(315, 'TINJACÁ', 6, '2017-04-10 19:12:50', '2017-04-10 19:12:50', NULL),
(316, 'TIPACOQUE', 6, '2017-04-10 19:12:50', '2017-04-10 19:12:50', NULL),
(317, 'TOCA', 6, '2017-04-10 19:12:50', '2017-04-10 19:12:50', NULL),
(318, 'TOGÜÍ', 6, '2017-04-10 19:12:50', '2017-04-10 19:12:50', NULL),
(319, 'TÓPAGA', 6, '2017-04-10 19:12:50', '2017-04-10 19:12:50', NULL),
(320, 'TOTA', 6, '2017-04-10 19:12:50', '2017-04-10 19:12:50', NULL),
(321, 'TUNJA', 6, '2017-04-10 19:12:50', '2017-04-10 19:12:50', NULL),
(322, 'TUNUNGUÁ', 6, '2017-04-10 19:12:50', '2017-04-10 19:12:50', NULL),
(323, 'TURMEQUÉ', 6, '2017-04-10 19:12:50', '2017-04-10 19:12:50', NULL),
(324, 'TUTA', 6, '2017-04-10 19:12:50', '2017-04-10 19:12:50', NULL),
(325, 'TUTAZÁ', 6, '2017-04-10 19:12:50', '2017-04-10 19:12:50', NULL),
(326, 'UMBITA', 6, '2017-04-10 19:12:50', '2017-04-10 19:12:50', NULL),
(327, 'VENTA QUEMADA', 6, '2017-04-10 19:12:50', '2017-04-10 19:12:50', NULL),
(328, 'VILLA DE LEYVA', 6, '2017-04-10 19:12:50', '2017-04-10 19:12:50', NULL),
(329, 'VIRACACHÁ', 6, '2017-04-10 19:12:50', '2017-04-10 19:12:50', NULL),
(330, 'ZETAQUIRA', 6, '2017-04-10 19:12:50', '2017-04-10 19:12:50', NULL),
(331, 'AGUADAS', 7, '2017-04-10 19:12:50', '2017-04-10 19:12:50', NULL),
(332, 'ANSERMA', 7, '2017-04-10 19:12:50', '2017-04-10 19:12:50', NULL),
(333, 'ARANZAZU', 7, '2017-04-10 19:12:50', '2017-04-10 19:12:50', NULL),
(334, 'BELALCAZAR', 7, '2017-04-10 19:12:50', '2017-04-10 19:12:50', NULL),
(335, 'CHINCHINÁ', 7, '2017-04-10 19:12:50', '2017-04-10 19:12:50', NULL),
(336, 'FILADELFIA', 7, '2017-04-10 19:12:50', '2017-04-10 19:12:50', NULL),
(337, 'LA DORADA', 7, '2017-04-10 19:12:50', '2017-04-10 19:12:50', NULL),
(338, 'LA MERCED', 7, '2017-04-10 19:12:50', '2017-04-10 19:12:50', NULL),
(339, 'MANIZALES', 7, '2017-04-10 19:12:50', '2017-04-10 19:12:50', NULL),
(340, 'MANZANARES', 7, '2017-04-10 19:12:50', '2017-04-10 19:12:50', NULL),
(341, 'MARMATO', 7, '2017-04-10 19:12:50', '2017-04-10 19:12:50', NULL),
(342, 'MARQUETALIA', 7, '2017-04-10 19:12:50', '2017-04-10 19:12:50', NULL),
(343, 'MARULANDA', 7, '2017-04-10 19:12:50', '2017-04-10 19:12:50', NULL),
(344, 'NEIRA', 7, '2017-04-10 19:12:50', '2017-04-10 19:12:50', NULL),
(345, 'NORCASIA', 7, '2017-04-10 19:12:50', '2017-04-10 19:12:50', NULL),
(346, 'PACORA', 7, '2017-04-10 19:12:50', '2017-04-10 19:12:50', NULL),
(347, 'PALESTINA', 7, '2017-04-10 19:12:50', '2017-04-10 19:12:50', NULL),
(348, 'PENSILVANIA', 7, '2017-04-10 19:12:50', '2017-04-10 19:12:50', NULL),
(349, 'RIOSUCIO', 7, '2017-04-10 19:12:50', '2017-04-10 19:12:50', NULL),
(350, 'RISARALDA', 7, '2017-04-10 19:12:50', '2017-04-10 19:12:50', NULL),
(351, 'SALAMINA', 7, '2017-04-10 19:12:50', '2017-04-10 19:12:50', NULL),
(352, 'SAMANA', 7, '2017-04-10 19:12:50', '2017-04-10 19:12:50', NULL),
(353, 'SAN JOSE', 7, '2017-04-10 19:12:50', '2017-04-10 19:12:50', NULL),
(354, 'SUPÍA', 7, '2017-04-10 19:12:50', '2017-04-10 19:12:50', NULL),
(355, 'VICTORIA', 7, '2017-04-10 19:12:50', '2017-04-10 19:12:50', NULL),
(356, 'VILLAMARÍA', 7, '2017-04-10 19:12:50', '2017-04-10 19:12:50', NULL),
(357, 'VITERBO', 7, '2017-04-10 19:12:50', '2017-04-10 19:12:50', NULL),
(358, 'ALBANIA', 8, '2017-04-10 19:12:50', '2017-04-10 19:12:50', NULL),
(359, 'BELÉN ANDAQUIES', 8, '2017-04-10 19:12:50', '2017-04-10 19:12:50', NULL),
(360, 'CARTAGENA DEL CHAIRA', 8, '2017-04-10 19:12:50', '2017-04-10 19:12:50', NULL),
(361, 'CURILLO', 8, '2017-04-10 19:12:50', '2017-04-10 19:12:50', NULL),
(362, 'EL DONCELLO', 8, '2017-04-10 19:12:50', '2017-04-10 19:12:50', NULL),
(363, 'EL PAUJIL', 8, '2017-04-10 19:12:50', '2017-04-10 19:12:50', NULL),
(364, 'FLORENCIA', 8, '2017-04-10 19:12:50', '2017-04-10 19:12:50', NULL),
(365, 'LA MONTAÑITA', 8, '2017-04-10 19:12:50', '2017-04-10 19:12:50', NULL),
(366, 'MILÁN', 8, '2017-04-10 19:12:50', '2017-04-10 19:12:50', NULL),
(367, 'MORELIA', 8, '2017-04-10 19:12:50', '2017-04-10 19:12:50', NULL),
(368, 'PUERTO RICO', 8, '2017-04-10 19:12:50', '2017-04-10 19:12:50', NULL),
(369, 'SAN  VICENTE DEL CAGUAN', 8, '2017-04-10 19:12:50', '2017-04-10 19:12:50', NULL),
(370, 'SAN JOSÉ DE FRAGUA', 8, '2017-04-10 19:12:50', '2017-04-10 19:12:50', NULL),
(371, 'SOLANO', 8, '2017-04-10 19:12:50', '2017-04-10 19:12:50', NULL),
(372, 'SOLITA', 8, '2017-04-10 19:12:50', '2017-04-10 19:12:50', NULL),
(373, 'VALPARAÍSO', 8, '2017-04-10 19:12:50', '2017-04-10 19:12:50', NULL),
(374, 'AGUAZUL', 9, '2017-04-10 19:12:50', '2017-04-10 19:12:50', NULL),
(375, 'CHAMEZA', 9, '2017-04-10 19:12:50', '2017-04-10 19:12:50', NULL),
(376, 'HATO COROZAL', 9, '2017-04-10 19:12:50', '2017-04-10 19:12:50', NULL),
(377, 'LA SALINA', 9, '2017-04-10 19:12:50', '2017-04-10 19:12:50', NULL),
(378, 'MANÍ', 9, '2017-04-10 19:12:50', '2017-04-10 19:12:50', NULL),
(379, 'MONTERREY', 9, '2017-04-10 19:12:50', '2017-04-10 19:12:50', NULL),
(380, 'NUNCHIA', 9, '2017-04-10 19:12:50', '2017-04-10 19:12:50', NULL),
(381, 'OROCUE', 9, '2017-04-10 19:12:50', '2017-04-10 19:12:50', NULL),
(382, 'PAZ DE ARIPORO', 9, '2017-04-10 19:12:50', '2017-04-10 19:12:50', NULL),
(383, 'PORE', 9, '2017-04-10 19:12:50', '2017-04-10 19:12:50', NULL),
(384, 'RECETOR', 9, '2017-04-10 19:12:50', '2017-04-10 19:12:50', NULL),
(385, 'SABANA LARGA', 9, '2017-04-10 19:12:50', '2017-04-10 19:12:50', NULL),
(386, 'SACAMA', 9, '2017-04-10 19:12:50', '2017-04-10 19:12:50', NULL),
(387, 'SAN LUIS DE PALENQUE', 9, '2017-04-10 19:12:50', '2017-04-10 19:12:50', NULL),
(388, 'TAMARA', 9, '2017-04-10 19:12:50', '2017-04-10 19:12:50', NULL),
(389, 'TAURAMENA', 9, '2017-04-10 19:12:50', '2017-04-10 19:12:50', NULL),
(390, 'TRINIDAD', 9, '2017-04-10 19:12:50', '2017-04-10 19:12:50', NULL),
(391, 'VILLANUEVA', 9, '2017-04-10 19:12:50', '2017-04-10 19:12:50', NULL),
(392, 'YOPAL', 9, '2017-04-10 19:12:50', '2017-04-10 19:12:50', NULL),
(393, 'ALMAGUER', 10, '2017-04-10 19:12:50', '2017-04-10 19:12:50', NULL),
(394, 'ARGELIA', 10, '2017-04-10 19:12:50', '2017-04-10 19:12:50', NULL),
(395, 'BALBOA', 10, '2017-04-10 19:12:50', '2017-04-10 19:12:50', NULL),
(396, 'BOLÍVAR', 10, '2017-04-10 19:12:50', '2017-04-10 19:12:50', NULL),
(397, 'BUENOS AIRES', 10, '2017-04-10 19:12:50', '2017-04-10 19:12:50', NULL),
(398, 'CAJIBIO', 10, '2017-04-10 19:12:50', '2017-04-10 19:12:50', NULL),
(399, 'CALDONO', 10, '2017-04-10 19:12:50', '2017-04-10 19:12:50', NULL),
(400, 'CALOTO', 10, '2017-04-10 19:12:50', '2017-04-10 19:12:50', NULL),
(401, 'CORINTO', 10, '2017-04-10 19:12:50', '2017-04-10 19:12:50', NULL),
(402, 'EL TAMBO', 10, '2017-04-10 19:12:50', '2017-04-10 19:12:50', NULL),
(403, 'FLORENCIA', 10, '2017-04-10 19:12:50', '2017-04-10 19:12:50', NULL),
(404, 'GUAPI', 10, '2017-04-10 19:12:50', '2017-04-10 19:12:50', NULL),
(405, 'INZA', 10, '2017-04-10 19:12:50', '2017-04-10 19:12:50', NULL),
(406, 'JAMBALÓ', 10, '2017-04-10 19:12:50', '2017-04-10 19:12:50', NULL),
(407, 'LA SIERRA', 10, '2017-04-10 19:12:50', '2017-04-10 19:12:50', NULL),
(408, 'LA VEGA', 10, '2017-04-10 19:12:50', '2017-04-10 19:12:50', NULL),
(409, 'LÓPEZ', 10, '2017-04-10 19:12:50', '2017-04-10 19:12:50', NULL),
(410, 'MERCADERES', 10, '2017-04-10 19:12:50', '2017-04-10 19:12:50', NULL),
(411, 'MIRANDA', 10, '2017-04-10 19:12:50', '2017-04-10 19:12:50', NULL),
(412, 'MORALES', 10, '2017-04-10 19:12:50', '2017-04-10 19:12:50', NULL),
(413, 'PADILLA', 10, '2017-04-10 19:12:50', '2017-04-10 19:12:50', NULL),
(414, 'PÁEZ', 10, '2017-04-10 19:12:50', '2017-04-10 19:12:50', NULL),
(415, 'PATIA (EL BORDO)', 10, '2017-04-10 19:12:50', '2017-04-10 19:12:50', NULL),
(416, 'PIAMONTE', 10, '2017-04-10 19:12:50', '2017-04-10 19:12:50', NULL),
(417, 'PIENDAMO', 10, '2017-04-10 19:12:50', '2017-04-10 19:12:50', NULL),
(418, 'POPAYÁN', 10, '2017-04-10 19:12:50', '2017-04-10 19:12:50', NULL),
(419, 'PUERTO TEJADA', 10, '2017-04-10 19:12:50', '2017-04-10 19:12:50', NULL),
(420, 'PURACE', 10, '2017-04-10 19:12:50', '2017-04-10 19:12:50', NULL),
(421, 'ROSAS', 10, '2017-04-10 19:12:50', '2017-04-10 19:12:50', NULL),
(422, 'SAN SEBASTIÁN', 10, '2017-04-10 19:12:50', '2017-04-10 19:12:50', NULL),
(423, 'SANTA ROSA', 10, '2017-04-10 19:12:50', '2017-04-10 19:12:50', NULL),
(424, 'SANTANDER DE QUILICHAO', 10, '2017-04-10 19:12:50', '2017-04-10 19:12:50', NULL),
(425, 'SILVIA', 10, '2017-04-10 19:12:50', '2017-04-10 19:12:50', NULL),
(426, 'SOTARA', 10, '2017-04-10 19:12:50', '2017-04-10 19:12:50', NULL),
(427, 'SUÁREZ', 10, '2017-04-10 19:12:50', '2017-04-10 19:12:50', NULL),
(428, 'SUCRE', 10, '2017-04-10 19:12:50', '2017-04-10 19:12:50', NULL),
(429, 'TIMBÍO', 10, '2017-04-10 19:12:50', '2017-04-10 19:12:50', NULL),
(430, 'TIMBIQUÍ', 10, '2017-04-10 19:12:50', '2017-04-10 19:12:50', NULL),
(431, 'TORIBIO', 10, '2017-04-10 19:12:50', '2017-04-10 19:12:50', NULL),
(432, 'TOTORO', 10, '2017-04-10 19:12:50', '2017-04-10 19:12:50', NULL),
(433, 'VILLA RICA', 10, '2017-04-10 19:12:50', '2017-04-10 19:12:50', NULL),
(434, 'AGUACHICA', 11, '2017-04-10 19:12:50', '2017-04-10 19:12:50', NULL),
(435, 'AGUSTÍN CODAZZI', 11, '2017-04-10 19:12:50', '2017-04-10 19:12:50', NULL),
(436, 'ASTREA', 11, '2017-04-10 19:12:50', '2017-04-10 19:12:50', NULL),
(437, 'BECERRIL', 11, '2017-04-10 19:12:50', '2017-04-10 19:12:50', NULL),
(438, 'BOSCONIA', 11, '2017-04-10 19:12:50', '2017-04-10 19:12:50', NULL),
(439, 'CHIMICHAGUA', 11, '2017-04-10 19:12:50', '2017-04-10 19:12:50', NULL),
(440, 'CHIRIGUANÁ', 11, '2017-04-10 19:12:50', '2017-04-10 19:12:50', NULL),
(441, 'CURUMANÍ', 11, '2017-04-10 19:12:50', '2017-04-10 19:12:50', NULL),
(442, 'EL COPEY', 11, '2017-04-10 19:12:50', '2017-04-10 19:12:50', NULL),
(443, 'EL PASO', 11, '2017-04-10 19:12:50', '2017-04-10 19:12:50', NULL),
(444, 'GAMARRA', 11, '2017-04-10 19:12:50', '2017-04-10 19:12:50', NULL),
(445, 'GONZÁLEZ', 11, '2017-04-10 19:12:50', '2017-04-10 19:12:50', NULL),
(446, 'LA GLORIA', 11, '2017-04-10 19:12:50', '2017-04-10 19:12:50', NULL),
(447, 'LA JAGUA IBIRICO', 11, '2017-04-10 19:12:50', '2017-04-10 19:12:50', NULL),
(448, 'MANAURE BALCÓN DEL CESAR', 11, '2017-04-10 19:12:50', '2017-04-10 19:12:50', NULL),
(449, 'PAILITAS', 11, '2017-04-10 19:12:50', '2017-04-10 19:12:50', NULL),
(450, 'PELAYA', 11, '2017-04-10 19:12:50', '2017-04-10 19:12:50', NULL),
(451, 'PUEBLO BELLO', 11, '2017-04-10 19:12:50', '2017-04-10 19:12:50', NULL),
(452, 'RÍO DE ORO', 11, '2017-04-10 19:12:50', '2017-04-10 19:12:50', NULL),
(453, 'ROBLES (LA PAZ)', 11, '2017-04-10 19:12:50', '2017-04-10 19:12:50', NULL),
(454, 'SAN ALBERTO', 11, '2017-04-10 19:12:50', '2017-04-10 19:12:50', NULL),
(455, 'SAN DIEGO', 11, '2017-04-10 19:12:50', '2017-04-10 19:12:50', NULL),
(456, 'SAN MARTÍN', 11, '2017-04-10 19:12:50', '2017-04-10 19:12:50', NULL),
(457, 'TAMALAMEQUE', 11, '2017-04-10 19:12:50', '2017-04-10 19:12:50', NULL),
(458, 'VALLEDUPAR', 11, '2017-04-10 19:12:50', '2017-04-10 19:12:50', NULL),
(459, 'ACANDI', 12, '2017-04-10 19:12:50', '2017-04-10 19:12:50', NULL),
(460, 'ALTO BAUDO (PIE DE PATO)', 12, '2017-04-10 19:12:50', '2017-04-10 19:12:50', NULL),
(461, 'ATRATO', 12, '2017-04-10 19:12:50', '2017-04-10 19:12:50', NULL),
(462, 'BAGADO', 12, '2017-04-10 19:12:50', '2017-04-10 19:12:50', NULL),
(463, 'BAHIA SOLANO (MUTIS)', 12, '2017-04-10 19:12:50', '2017-04-10 19:12:50', NULL),
(464, 'BAJO BAUDO (PIZARRO)', 12, '2017-04-10 19:12:50', '2017-04-10 19:12:50', NULL),
(465, 'BOJAYA (BELLAVISTA)', 12, '2017-04-10 19:12:50', '2017-04-10 19:12:50', NULL),
(466, 'CANTON DE SAN PABLO', 12, '2017-04-10 19:12:50', '2017-04-10 19:12:50', NULL),
(467, 'CARMEN DEL DARIEN', 12, '2017-04-10 19:12:50', '2017-04-10 19:12:50', NULL),
(468, 'CERTEGUI', 12, '2017-04-10 19:12:50', '2017-04-10 19:12:50', NULL),
(469, 'CONDOTO', 12, '2017-04-10 19:12:50', '2017-04-10 19:12:50', NULL),
(470, 'EL CARMEN', 12, '2017-04-10 19:12:50', '2017-04-10 19:12:50', NULL),
(471, 'ISTMINA', 12, '2017-04-10 19:12:50', '2017-04-10 19:12:50', NULL),
(472, 'JURADO', 12, '2017-04-10 19:12:50', '2017-04-10 19:12:50', NULL),
(473, 'LITORAL DEL SAN JUAN', 12, '2017-04-10 19:12:50', '2017-04-10 19:12:50', NULL),
(474, 'LLORO', 12, '2017-04-10 19:12:50', '2017-04-10 19:12:50', NULL),
(475, 'MEDIO ATRATO', 12, '2017-04-10 19:12:50', '2017-04-10 19:12:50', NULL),
(476, 'MEDIO BAUDO (BOCA DE PEPE)', 12, '2017-04-10 19:12:50', '2017-04-10 19:12:50', NULL),
(477, 'MEDIO SAN JUAN', 12, '2017-04-10 19:12:50', '2017-04-10 19:12:50', NULL),
(478, 'NOVITA', 12, '2017-04-10 19:12:50', '2017-04-10 19:12:50', NULL),
(479, 'NUQUI', 12, '2017-04-10 19:12:50', '2017-04-10 19:12:50', NULL),
(480, 'QUIBDO', 12, '2017-04-10 19:12:50', '2017-04-10 19:12:50', NULL),
(481, 'RIO IRO', 12, '2017-04-10 19:12:50', '2017-04-10 19:12:50', NULL),
(482, 'RIO QUITO', 12, '2017-04-10 19:12:50', '2017-04-10 19:12:50', NULL),
(483, 'RIOSUCIO', 12, '2017-04-10 19:12:50', '2017-04-10 19:12:50', NULL),
(484, 'SAN JOSE DEL PALMAR', 12, '2017-04-10 19:12:50', '2017-04-10 19:12:50', NULL),
(485, 'SIPI', 12, '2017-04-10 19:12:50', '2017-04-10 19:12:50', NULL),
(486, 'TADO', 12, '2017-04-10 19:12:50', '2017-04-10 19:12:50', NULL),
(487, 'UNGUIA', 12, '2017-04-10 19:12:50', '2017-04-10 19:12:50', NULL),
(488, 'UNIÓN PANAMERICANA', 12, '2017-04-10 19:12:50', '2017-04-10 19:12:50', NULL),
(489, 'AYAPEL', 13, '2017-04-10 19:12:50', '2017-04-10 19:12:50', NULL),
(490, 'BUENAVISTA', 13, '2017-04-10 19:12:50', '2017-04-10 19:12:50', NULL),
(491, 'CANALETE', 13, '2017-04-10 19:12:50', '2017-04-10 19:12:50', NULL),
(492, 'CERETÉ', 13, '2017-04-10 19:12:50', '2017-04-10 19:12:50', NULL),
(493, 'CHIMA', 13, '2017-04-10 19:12:50', '2017-04-10 19:12:50', NULL),
(494, 'CHINÚ', 13, '2017-04-10 19:12:50', '2017-04-10 19:12:50', NULL),
(495, 'CIENAGA DE ORO', 13, '2017-04-10 19:12:50', '2017-04-10 19:12:50', NULL),
(496, 'COTORRA', 13, '2017-04-10 19:12:50', '2017-04-10 19:12:50', NULL),
(497, 'LA APARTADA', 13, '2017-04-10 19:12:50', '2017-04-10 19:12:50', NULL),
(498, 'LORICA', 13, '2017-04-10 19:12:50', '2017-04-10 19:12:50', NULL),
(499, 'LOS CÓRDOBAS', 13, '2017-04-10 19:12:50', '2017-04-10 19:12:50', NULL),
(500, 'MOMIL', 13, '2017-04-10 19:12:50', '2017-04-10 19:12:50', NULL),
(501, 'MONTELÍBANO', 13, '2017-04-10 19:12:50', '2017-04-10 19:12:50', NULL),
(502, 'MONTERÍA', 13, '2017-04-10 19:12:50', '2017-04-10 19:12:50', NULL),
(503, 'MOÑITOS', 13, '2017-04-10 19:12:50', '2017-04-10 19:12:50', NULL),
(504, 'PLANETA RICA', 13, '2017-04-10 19:12:50', '2017-04-10 19:12:50', NULL),
(505, 'PUEBLO NUEVO', 13, '2017-04-10 19:12:50', '2017-04-10 19:12:50', NULL),
(506, 'PUERTO ESCONDIDO', 13, '2017-04-10 19:12:50', '2017-04-10 19:12:50', NULL),
(507, 'PUERTO LIBERTADOR', 13, '2017-04-10 19:12:50', '2017-04-10 19:12:50', NULL),
(508, 'PURÍSIMA', 13, '2017-04-10 19:12:50', '2017-04-10 19:12:50', NULL),
(509, 'SAHAGÚN', 13, '2017-04-10 19:12:50', '2017-04-10 19:12:50', NULL),
(510, 'SAN ANDRÉS SOTAVENTO', 13, '2017-04-10 19:12:50', '2017-04-10 19:12:50', NULL),
(511, 'SAN ANTERO', 13, '2017-04-10 19:12:50', '2017-04-10 19:12:50', NULL),
(512, 'SAN BERNARDO VIENTO', 13, '2017-04-10 19:12:50', '2017-04-10 19:12:50', NULL),
(513, 'SAN CARLOS', 13, '2017-04-10 19:12:50', '2017-04-10 19:12:50', NULL),
(514, 'SAN PELAYO', 13, '2017-04-10 19:12:50', '2017-04-10 19:12:50', NULL),
(515, 'TIERRALTA', 13, '2017-04-10 19:12:50', '2017-04-10 19:12:50', NULL),
(516, 'VALENCIA', 13, '2017-04-10 19:12:50', '2017-04-10 19:12:50', NULL),
(517, 'AGUA DE DIOS', 14, '2017-04-10 19:12:50', '2017-04-10 19:12:50', NULL),
(518, 'ALBAN', 14, '2017-04-10 19:12:50', '2017-04-10 19:12:50', NULL),
(519, 'ANAPOIMA', 14, '2017-04-10 19:12:50', '2017-04-10 19:12:50', NULL),
(520, 'ANOLAIMA', 14, '2017-04-10 19:12:50', '2017-04-10 19:12:50', NULL),
(521, 'ARBELAEZ', 14, '2017-04-10 19:12:50', '2017-04-10 19:12:50', NULL),
(522, 'BELTRÁN', 14, '2017-04-10 19:12:50', '2017-04-10 19:12:50', NULL),
(523, 'BITUIMA', 14, '2017-04-10 19:12:50', '2017-04-10 19:12:50', NULL),
(524, 'BOGOTÁ DC', 14, '2017-04-10 19:12:50', '2017-04-10 19:12:50', NULL),
(525, 'BOJACÁ', 14, '2017-04-10 19:12:50', '2017-04-10 19:12:50', NULL),
(526, 'CABRERA', 14, '2017-04-10 19:12:50', '2017-04-10 19:12:50', NULL),
(527, 'CACHIPAY', 14, '2017-04-10 19:12:50', '2017-04-10 19:12:50', NULL),
(528, 'CAJICÁ', 14, '2017-04-10 19:12:50', '2017-04-10 19:12:50', NULL),
(529, 'CAPARRAPÍ', 14, '2017-04-10 19:12:50', '2017-04-10 19:12:50', NULL),
(530, 'CAQUEZA', 14, '2017-04-10 19:12:50', '2017-04-10 19:12:50', NULL),
(531, 'CARMEN DE CARUPA', 14, '2017-04-10 19:12:50', '2017-04-10 19:12:50', NULL),
(532, 'CHAGUANÍ', 14, '2017-04-10 19:12:50', '2017-04-10 19:12:50', NULL),
(533, 'CHIA', 14, '2017-04-10 19:12:50', '2017-04-10 19:12:50', NULL),
(534, 'CHIPAQUE', 14, '2017-04-10 19:12:50', '2017-04-10 19:12:50', NULL),
(535, 'CHOACHÍ', 14, '2017-04-10 19:12:50', '2017-04-10 19:12:50', NULL),
(536, 'CHOCONTÁ', 14, '2017-04-10 19:12:50', '2017-04-10 19:12:50', NULL),
(537, 'COGUA', 14, '2017-04-10 19:12:50', '2017-04-10 19:12:50', NULL),
(538, 'COTA', 14, '2017-04-10 19:12:50', '2017-04-10 19:12:50', NULL),
(539, 'CUCUNUBÁ', 14, '2017-04-10 19:12:50', '2017-04-10 19:12:50', NULL),
(540, 'EL COLEGIO', 14, '2017-04-10 19:12:50', '2017-04-10 19:12:50', NULL),
(541, 'EL PEÑÓN', 14, '2017-04-10 19:12:50', '2017-04-10 19:12:50', NULL),
(542, 'EL ROSAL1', 14, '2017-04-10 19:12:50', '2017-04-10 19:12:50', NULL),
(543, 'FACATATIVA', 14, '2017-04-10 19:12:50', '2017-04-10 19:12:50', NULL),
(544, 'FÓMEQUE', 14, '2017-04-10 19:12:50', '2017-04-10 19:12:50', NULL),
(545, 'FOSCA', 14, '2017-04-10 19:12:50', '2017-04-10 19:12:50', NULL),
(546, 'FUNZA', 14, '2017-04-10 19:12:50', '2017-04-10 19:12:50', NULL),
(547, 'FÚQUENE', 14, '2017-04-10 19:12:50', '2017-04-10 19:12:50', NULL),
(548, 'FUSAGASUGA', 14, '2017-04-10 19:12:50', '2017-04-10 19:12:50', NULL),
(549, 'GACHALÁ', 14, '2017-04-10 19:12:50', '2017-04-10 19:12:50', NULL),
(550, 'GACHANCIPÁ', 14, '2017-04-10 19:12:50', '2017-04-10 19:12:50', NULL),
(551, 'GACHETA', 14, '2017-04-10 19:12:50', '2017-04-10 19:12:50', NULL),
(552, 'GAMA', 14, '2017-04-10 19:12:50', '2017-04-10 19:12:50', NULL),
(553, 'GIRARDOT', 14, '2017-04-10 19:12:50', '2017-04-10 19:12:50', NULL),
(554, 'GRANADA2', 14, '2017-04-10 19:12:50', '2017-04-10 19:12:50', NULL),
(555, 'GUACHETÁ', 14, '2017-04-10 19:12:50', '2017-04-10 19:12:50', NULL),
(556, 'GUADUAS', 14, '2017-04-10 19:12:50', '2017-04-10 19:12:50', NULL),
(557, 'GUASCA', 14, '2017-04-10 19:12:50', '2017-04-10 19:12:50', NULL),
(558, 'GUATAQUÍ', 14, '2017-04-10 19:12:50', '2017-04-10 19:12:50', NULL),
(559, 'GUATAVITA', 14, '2017-04-10 19:12:50', '2017-04-10 19:12:50', NULL),
(560, 'GUAYABAL DE SIQUIMA', 14, '2017-04-10 19:12:50', '2017-04-10 19:12:50', NULL),
(561, 'GUAYABETAL', 14, '2017-04-10 19:12:50', '2017-04-10 19:12:50', NULL),
(562, 'GUTIÉRREZ', 14, '2017-04-10 19:12:50', '2017-04-10 19:12:50', NULL),
(563, 'JERUSALÉN', 14, '2017-04-10 19:12:50', '2017-04-10 19:12:50', NULL),
(564, 'JUNÍN', 14, '2017-04-10 19:12:50', '2017-04-10 19:12:50', NULL),
(565, 'LA CALERA', 14, '2017-04-10 19:12:50', '2017-04-10 19:12:50', NULL),
(566, 'LA MESA', 14, '2017-04-10 19:12:50', '2017-04-10 19:12:50', NULL),
(567, 'LA PALMA', 14, '2017-04-10 19:12:50', '2017-04-10 19:12:50', NULL),
(568, 'LA PEÑA', 14, '2017-04-10 19:12:50', '2017-04-10 19:12:50', NULL),
(569, 'LA VEGA', 14, '2017-04-10 19:12:50', '2017-04-10 19:12:50', NULL),
(570, 'LENGUAZAQUE', 14, '2017-04-10 19:12:50', '2017-04-10 19:12:50', NULL),
(571, 'MACHETÁ', 14, '2017-04-10 19:12:50', '2017-04-10 19:12:50', NULL),
(572, 'MADRID', 14, '2017-04-10 19:12:50', '2017-04-10 19:12:50', NULL),
(573, 'MANTA', 14, '2017-04-10 19:12:50', '2017-04-10 19:12:50', NULL),
(574, 'MEDINA', 14, '2017-04-10 19:12:50', '2017-04-10 19:12:50', NULL),
(575, 'MOSQUERA', 14, '2017-04-10 19:12:50', '2017-04-10 19:12:50', NULL),
(576, 'NARIÑO', 14, '2017-04-10 19:12:50', '2017-04-10 19:12:50', NULL),
(577, 'NEMOCÓN', 14, '2017-04-10 19:12:50', '2017-04-10 19:12:50', NULL),
(578, 'NILO', 14, '2017-04-10 19:12:50', '2017-04-10 19:12:50', NULL),
(579, 'NIMAIMA', 14, '2017-04-10 19:12:50', '2017-04-10 19:12:50', NULL),
(580, 'NOCAIMA', 14, '2017-04-10 19:12:50', '2017-04-10 19:12:50', NULL),
(581, 'OSPINA PÉREZ', 14, '2017-04-10 19:12:50', '2017-04-10 19:12:50', NULL),
(582, 'PACHO', 14, '2017-04-10 19:12:50', '2017-04-10 19:12:50', NULL),
(583, 'PAIME', 14, '2017-04-10 19:12:50', '2017-04-10 19:12:50', NULL),
(584, 'PANDI', 14, '2017-04-10 19:12:50', '2017-04-10 19:12:50', NULL),
(585, 'PARATEBUENO', 14, '2017-04-10 19:12:50', '2017-04-10 19:12:50', NULL),
(586, 'PASCA', 14, '2017-04-10 19:12:50', '2017-04-10 19:12:50', NULL),
(587, 'PUERTO SALGAR', 14, '2017-04-10 19:12:50', '2017-04-10 19:12:50', NULL),
(588, 'PULÍ', 14, '2017-04-10 19:12:50', '2017-04-10 19:12:50', NULL),
(589, 'QUEBRADANEGRA', 14, '2017-04-10 19:12:50', '2017-04-10 19:12:50', NULL),
(590, 'QUETAME', 14, '2017-04-10 19:12:50', '2017-04-10 19:12:50', NULL),
(591, 'QUIPILE', 14, '2017-04-10 19:12:50', '2017-04-10 19:12:50', NULL),
(592, 'RAFAEL REYES', 14, '2017-04-10 19:12:50', '2017-04-10 19:12:50', NULL),
(593, 'RICAURTE', 14, '2017-04-10 19:12:50', '2017-04-10 19:12:50', NULL),
(594, 'SAN  ANTONIO DEL  TEQUENDAMA', 14, '2017-04-10 19:12:50', '2017-04-10 19:12:50', NULL),
(595, 'SAN BERNARDO', 14, '2017-04-10 19:12:50', '2017-04-10 19:12:50', NULL),
(596, 'SAN CAYETANO', 14, '2017-04-10 19:12:50', '2017-04-10 19:12:50', NULL),
(597, 'SAN FRANCISCO', 14, '2017-04-10 19:12:50', '2017-04-10 19:12:50', NULL),
(598, 'SAN JUAN DE RIOSECO', 14, '2017-04-10 19:12:50', '2017-04-10 19:12:50', NULL),
(599, 'SASAIMA', 14, '2017-04-10 19:12:50', '2017-04-10 19:12:50', NULL),
(600, 'SESQUILÉ', 14, '2017-04-10 19:12:50', '2017-04-10 19:12:50', NULL),
(601, 'SIBATÉ', 14, '2017-04-10 19:12:50', '2017-04-10 19:12:50', NULL),
(602, 'SILVANIA', 14, '2017-04-10 19:12:50', '2017-04-10 19:12:50', NULL),
(603, 'SIMIJACA', 14, '2017-04-10 19:12:50', '2017-04-10 19:12:50', NULL),
(604, 'SOACHA', 14, '2017-04-10 19:12:50', '2017-04-10 19:12:50', NULL),
(605, 'SOPO', 14, '2017-04-10 19:12:50', '2017-04-10 19:12:50', NULL),
(606, 'SUBACHOQUE', 14, '2017-04-10 19:12:50', '2017-04-10 19:12:50', NULL),
(607, 'SUESCA', 14, '2017-04-10 19:12:50', '2017-04-10 19:12:50', NULL),
(608, 'SUPATÁ', 14, '2017-04-10 19:12:50', '2017-04-10 19:12:50', NULL),
(609, 'SUSA', 14, '2017-04-10 19:12:50', '2017-04-10 19:12:50', NULL),
(610, 'SUTATAUSA', 14, '2017-04-10 19:12:50', '2017-04-10 19:12:50', NULL),
(611, 'TABIO', 14, '2017-04-10 19:12:50', '2017-04-10 19:12:50', NULL),
(612, 'TAUSA', 14, '2017-04-10 19:12:50', '2017-04-10 19:12:50', NULL),
(613, 'TENA', 14, '2017-04-10 19:12:50', '2017-04-10 19:12:50', NULL),
(614, 'TENJO', 14, '2017-04-10 19:12:50', '2017-04-10 19:12:50', NULL),
(615, 'TIBACUY', 14, '2017-04-10 19:12:50', '2017-04-10 19:12:50', NULL),
(616, 'TIBIRITA', 14, '2017-04-10 19:12:50', '2017-04-10 19:12:50', NULL),
(617, 'TOCAIMA', 14, '2017-04-10 19:12:50', '2017-04-10 19:12:50', NULL),
(618, 'TOCANCIPÁ', 14, '2017-04-10 19:12:50', '2017-04-10 19:12:50', NULL),
(619, 'TOPAIPÍ', 14, '2017-04-10 19:12:50', '2017-04-10 19:12:50', NULL),
(620, 'UBALÁ', 14, '2017-04-10 19:12:50', '2017-04-10 19:12:50', NULL),
(621, 'UBAQUE', 14, '2017-04-10 19:12:50', '2017-04-10 19:12:50', NULL),
(622, 'UBATÉ', 14, '2017-04-10 19:12:50', '2017-04-10 19:12:50', NULL),
(623, 'UNE', 14, '2017-04-10 19:12:50', '2017-04-10 19:12:50', NULL),
(624, 'UTICA', 14, '2017-04-10 19:12:50', '2017-04-10 19:12:50', NULL),
(625, 'VERGARA', 14, '2017-04-10 19:12:50', '2017-04-10 19:12:50', NULL),
(626, 'VIANI', 14, '2017-04-10 19:12:50', '2017-04-10 19:12:50', NULL),
(627, 'VILLA GOMEZ', 14, '2017-04-10 19:12:50', '2017-04-10 19:12:50', NULL),
(628, 'VILLA PINZÓN', 14, '2017-04-10 19:12:50', '2017-04-10 19:12:50', NULL),
(629, 'VILLETA', 14, '2017-04-10 19:12:50', '2017-04-10 19:12:50', NULL),
(630, 'VIOTA', 14, '2017-04-10 19:12:50', '2017-04-10 19:12:50', NULL),
(631, 'YACOPÍ', 14, '2017-04-10 19:12:50', '2017-04-10 19:12:50', NULL),
(632, 'ZIPACÓN', 14, '2017-04-10 19:12:50', '2017-04-10 19:12:50', NULL),
(633, 'ZIPAQUIRÁ', 14, '2017-04-10 19:12:50', '2017-04-10 19:12:50', NULL),
(634, 'BARRANCO MINAS', 15, '2017-04-10 19:12:50', '2017-04-10 19:12:50', NULL),
(635, 'CACAHUAL', 15, '2017-04-10 19:12:50', '2017-04-10 19:12:50', NULL),
(636, 'INÍRIDA', 15, '2017-04-10 19:12:50', '2017-04-10 19:12:50', NULL),
(637, 'LA GUADALUPE', 15, '2017-04-10 19:12:50', '2017-04-10 19:12:50', NULL),
(638, 'MAPIRIPANA', 15, '2017-04-10 19:12:50', '2017-04-10 19:12:50', NULL),
(639, 'MORICHAL', 15, '2017-04-10 19:12:50', '2017-04-10 19:12:50', NULL),
(640, 'PANA PANA', 15, '2017-04-10 19:12:50', '2017-04-10 19:12:50', NULL),
(641, 'PUERTO COLOMBIA', 15, '2017-04-10 19:12:50', '2017-04-10 19:12:50', NULL),
(642, 'SAN FELIPE', 15, '2017-04-10 19:12:50', '2017-04-10 19:12:50', NULL),
(643, 'CALAMAR', 16, '2017-04-10 19:12:50', '2017-04-10 19:12:50', NULL),
(644, 'EL RETORNO', 16, '2017-04-10 19:12:50', '2017-04-10 19:12:50', NULL),
(645, 'MIRAFLOREZ', 16, '2017-04-10 19:12:50', '2017-04-10 19:12:50', NULL),
(646, 'SAN JOSÉ DEL GUAVIARE', 16, '2017-04-10 19:12:50', '2017-04-10 19:12:50', NULL),
(647, 'ACEVEDO', 17, '2017-04-10 19:12:50', '2017-04-10 19:12:50', NULL),
(648, 'AGRADO', 17, '2017-04-10 19:12:50', '2017-04-10 19:12:50', NULL),
(649, 'AIPE', 17, '2017-04-10 19:12:50', '2017-04-10 19:12:50', NULL),
(650, 'ALGECIRAS', 17, '2017-04-10 19:12:50', '2017-04-10 19:12:50', NULL),
(651, 'ALTAMIRA', 17, '2017-04-10 19:12:50', '2017-04-10 19:12:50', NULL),
(652, 'BARAYA', 17, '2017-04-10 19:12:50', '2017-04-10 19:12:50', NULL),
(653, 'CAMPO ALEGRE', 17, '2017-04-10 19:12:50', '2017-04-10 19:12:50', NULL),
(654, 'COLOMBIA', 17, '2017-04-10 19:12:50', '2017-04-10 19:12:50', NULL),
(655, 'ELIAS', 17, '2017-04-10 19:12:50', '2017-04-10 19:12:50', NULL),
(656, 'GARZÓN', 17, '2017-04-10 19:12:50', '2017-04-10 19:12:50', NULL),
(657, 'GIGANTE', 17, '2017-04-10 19:12:50', '2017-04-10 19:12:50', NULL),
(658, 'GUADALUPE', 17, '2017-04-10 19:12:50', '2017-04-10 19:12:50', NULL),
(659, 'HOBO', 17, '2017-04-10 19:12:50', '2017-04-10 19:12:50', NULL),
(660, 'IQUIRA', 17, '2017-04-10 19:12:50', '2017-04-10 19:12:50', NULL),
(661, 'ISNOS', 17, '2017-04-10 19:12:50', '2017-04-10 19:12:50', NULL),
(662, 'LA ARGENTINA', 17, '2017-04-10 19:12:50', '2017-04-10 19:12:50', NULL),
(663, 'LA PLATA', 17, '2017-04-10 19:12:50', '2017-04-10 19:12:50', NULL),
(664, 'NATAGA', 17, '2017-04-10 19:12:50', '2017-04-10 19:12:50', NULL),
(665, 'NEIVA', 17, '2017-04-10 19:12:50', '2017-04-10 19:12:50', NULL),
(666, 'OPORAPA', 17, '2017-04-10 19:12:50', '2017-04-10 19:12:50', NULL),
(667, 'PAICOL', 17, '2017-04-10 19:12:50', '2017-04-10 19:12:50', NULL),
(668, 'PALERMO', 17, '2017-04-10 19:12:50', '2017-04-10 19:12:50', NULL),
(669, 'PALESTINA', 17, '2017-04-10 19:12:50', '2017-04-10 19:12:50', NULL),
(670, 'PITAL', 17, '2017-04-10 19:12:50', '2017-04-10 19:12:50', NULL),
(671, 'PITALITO', 17, '2017-04-10 19:12:50', '2017-04-10 19:12:50', NULL),
(672, 'RIVERA', 17, '2017-04-10 19:12:50', '2017-04-10 19:12:50', NULL),
(673, 'SALADO BLANCO', 17, '2017-04-10 19:12:50', '2017-04-10 19:12:50', NULL),
(674, 'SAN AGUSTÍN', 17, '2017-04-10 19:12:50', '2017-04-10 19:12:50', NULL),
(675, 'SANTA MARIA', 17, '2017-04-10 19:12:50', '2017-04-10 19:12:50', NULL),
(676, 'SUAZA', 17, '2017-04-10 19:12:50', '2017-04-10 19:12:50', NULL),
(677, 'TARQUI', 17, '2017-04-10 19:12:50', '2017-04-10 19:12:50', NULL),
(678, 'TELLO', 17, '2017-04-10 19:12:50', '2017-04-10 19:12:50', NULL),
(679, 'TERUEL', 17, '2017-04-10 19:12:50', '2017-04-10 19:12:50', NULL),
(680, 'TESALIA', 17, '2017-04-10 19:12:50', '2017-04-10 19:12:50', NULL),
(681, 'TIMANA', 17, '2017-04-10 19:12:50', '2017-04-10 19:12:50', NULL),
(682, 'VILLAVIEJA', 17, '2017-04-10 19:12:50', '2017-04-10 19:12:50', NULL);
INSERT INTO `municipios` (`id`, `nombre`, `id_departamento`, `created_at`, `updated_at`, `deleted_at`) VALUES
(683, 'YAGUARA', 17, '2017-04-10 19:12:50', '2017-04-10 19:12:50', NULL),
(684, 'ALBANIA', 18, '2017-04-10 19:12:50', '2017-04-10 19:12:50', NULL),
(685, 'BARRANCAS', 18, '2017-04-10 19:12:50', '2017-04-10 19:12:50', NULL),
(686, 'DIBULLA', 18, '2017-04-10 19:12:50', '2017-04-10 19:12:50', NULL),
(687, 'DISTRACCIÓN', 18, '2017-04-10 19:12:50', '2017-04-10 19:12:50', NULL),
(688, 'EL MOLINO', 18, '2017-04-10 19:12:50', '2017-04-10 19:12:50', NULL),
(689, 'FONSECA', 18, '2017-04-10 19:12:50', '2017-04-10 19:12:50', NULL),
(690, 'HATO NUEVO', 18, '2017-04-10 19:12:50', '2017-04-10 19:12:50', NULL),
(691, 'LA JAGUA DEL PILAR', 18, '2017-04-10 19:12:50', '2017-04-10 19:12:50', NULL),
(692, 'MAICAO', 18, '2017-04-10 19:12:50', '2017-04-10 19:12:50', NULL),
(693, 'MANAURE', 18, '2017-04-10 19:12:50', '2017-04-10 19:12:50', NULL),
(694, 'RIOHACHA', 18, '2017-04-10 19:12:50', '2017-04-10 19:12:50', NULL),
(695, 'SAN JUAN DEL CESAR', 18, '2017-04-10 19:12:50', '2017-04-10 19:12:50', NULL),
(696, 'URIBIA', 18, '2017-04-10 19:12:50', '2017-04-10 19:12:50', NULL),
(697, 'URUMITA', 18, '2017-04-10 19:12:50', '2017-04-10 19:12:50', NULL),
(698, 'VILLANUEVA', 18, '2017-04-10 19:12:50', '2017-04-10 19:12:50', NULL),
(699, 'ALGARROBO', 19, '2017-04-10 19:12:50', '2017-04-10 19:12:50', NULL),
(700, 'ARACATACA', 19, '2017-04-10 19:12:50', '2017-04-10 19:12:50', NULL),
(701, 'ARIGUANI', 19, '2017-04-10 19:12:50', '2017-04-10 19:12:50', NULL),
(702, 'CERRO SAN ANTONIO', 19, '2017-04-10 19:12:50', '2017-04-10 19:12:50', NULL),
(703, 'CHIVOLO', 19, '2017-04-10 19:12:50', '2017-04-10 19:12:50', NULL),
(704, 'CIENAGA', 19, '2017-04-10 19:12:50', '2017-04-10 19:12:50', NULL),
(705, 'CONCORDIA', 19, '2017-04-10 19:12:50', '2017-04-10 19:12:50', NULL),
(706, 'EL BANCO', 19, '2017-04-10 19:12:50', '2017-04-10 19:12:50', NULL),
(707, 'EL PIÑON', 19, '2017-04-10 19:12:50', '2017-04-10 19:12:50', NULL),
(708, 'EL RETEN', 19, '2017-04-10 19:12:50', '2017-04-10 19:12:50', NULL),
(709, 'FUNDACION', 19, '2017-04-10 19:12:50', '2017-04-10 19:12:50', NULL),
(710, 'GUAMAL', 19, '2017-04-10 19:12:50', '2017-04-10 19:12:50', NULL),
(711, 'NUEVA GRANADA', 19, '2017-04-10 19:12:50', '2017-04-10 19:12:50', NULL),
(712, 'PEDRAZA', 19, '2017-04-10 19:12:50', '2017-04-10 19:12:50', NULL),
(713, 'PIJIÑO DEL CARMEN', 19, '2017-04-10 19:12:50', '2017-04-10 19:12:50', NULL),
(714, 'PIVIJAY', 19, '2017-04-10 19:12:50', '2017-04-10 19:12:50', NULL),
(715, 'PLATO', 19, '2017-04-10 19:12:50', '2017-04-10 19:12:50', NULL),
(716, 'PUEBLO VIEJO', 19, '2017-04-10 19:12:50', '2017-04-10 19:12:50', NULL),
(717, 'REMOLINO', 19, '2017-04-10 19:12:50', '2017-04-10 19:12:50', NULL),
(718, 'SABANAS DE SAN ANGEL', 19, '2017-04-10 19:12:50', '2017-04-10 19:12:50', NULL),
(719, 'SALAMINA', 19, '2017-04-10 19:12:50', '2017-04-10 19:12:50', NULL),
(720, 'SAN SEBASTIAN DE BUENAVISTA', 19, '2017-04-10 19:12:50', '2017-04-10 19:12:50', NULL),
(721, 'SAN ZENON', 19, '2017-04-10 19:12:50', '2017-04-10 19:12:50', NULL),
(722, 'SANTA ANA', 19, '2017-04-10 19:12:50', '2017-04-10 19:12:50', NULL),
(723, 'SANTA BARBARA DE PINTO', 19, '2017-04-10 19:12:50', '2017-04-10 19:12:50', NULL),
(724, 'SANTA MARTA', 19, '2017-04-10 19:12:50', '2017-04-10 19:12:50', NULL),
(725, 'SITIONUEVO', 19, '2017-04-10 19:12:50', '2017-04-10 19:12:50', NULL),
(726, 'TENERIFE', 19, '2017-04-10 19:12:50', '2017-04-10 19:12:50', NULL),
(727, 'ZAPAYAN', 19, '2017-04-10 19:12:50', '2017-04-10 19:12:50', NULL),
(728, 'ZONA BANANERA', 19, '2017-04-10 19:12:50', '2017-04-10 19:12:50', NULL),
(729, 'ACACIAS', 20, '2017-04-10 19:12:50', '2017-04-10 19:12:50', NULL),
(730, 'BARRANCA DE UPIA', 20, '2017-04-10 19:12:50', '2017-04-10 19:12:50', NULL),
(731, 'CABUYARO', 20, '2017-04-10 19:12:50', '2017-04-10 19:12:50', NULL),
(732, 'CASTILLA LA NUEVA', 20, '2017-04-10 19:12:50', '2017-04-10 19:12:50', NULL),
(733, 'CUBARRAL', 20, '2017-04-10 19:12:50', '2017-04-10 19:12:50', NULL),
(734, 'CUMARAL', 20, '2017-04-10 19:12:50', '2017-04-10 19:12:50', NULL),
(735, 'EL CALVARIO', 20, '2017-04-10 19:12:50', '2017-04-10 19:12:50', NULL),
(736, 'EL CASTILLO', 20, '2017-04-10 19:12:50', '2017-04-10 19:12:50', NULL),
(737, 'EL DORADO', 20, '2017-04-10 19:12:50', '2017-04-10 19:12:50', NULL),
(738, 'FUENTE DE ORO', 20, '2017-04-10 19:12:50', '2017-04-10 19:12:50', NULL),
(739, 'GRANADA', 20, '2017-04-10 19:12:50', '2017-04-10 19:12:50', NULL),
(740, 'GUAMAL', 20, '2017-04-10 19:12:50', '2017-04-10 19:12:50', NULL),
(741, 'LA MACARENA', 20, '2017-04-10 19:12:50', '2017-04-10 19:12:50', NULL),
(742, 'LA URIBE', 20, '2017-04-10 19:12:50', '2017-04-10 19:12:50', NULL),
(743, 'LEJANÍAS', 20, '2017-04-10 19:12:50', '2017-04-10 19:12:50', NULL),
(744, 'MAPIRIPÁN', 20, '2017-04-10 19:12:50', '2017-04-10 19:12:50', NULL),
(745, 'MESETAS', 20, '2017-04-10 19:12:50', '2017-04-10 19:12:50', NULL),
(746, 'PUERTO CONCORDIA', 20, '2017-04-10 19:12:50', '2017-04-10 19:12:50', NULL),
(747, 'PUERTO GAITÁN', 20, '2017-04-10 19:12:50', '2017-04-10 19:12:50', NULL),
(748, 'PUERTO LLERAS', 20, '2017-04-10 19:12:50', '2017-04-10 19:12:50', NULL),
(749, 'PUERTO LÓPEZ', 20, '2017-04-10 19:12:50', '2017-04-10 19:12:50', NULL),
(750, 'PUERTO RICO', 20, '2017-04-10 19:12:50', '2017-04-10 19:12:50', NULL),
(751, 'RESTREPO', 20, '2017-04-10 19:12:50', '2017-04-10 19:12:50', NULL),
(752, 'SAN  JUAN DE ARAMA', 20, '2017-04-10 19:12:50', '2017-04-10 19:12:50', NULL),
(753, 'SAN CARLOS GUAROA', 20, '2017-04-10 19:12:50', '2017-04-10 19:12:50', NULL),
(754, 'SAN JUANITO', 20, '2017-04-10 19:12:50', '2017-04-10 19:12:50', NULL),
(755, 'SAN MARTÍN', 20, '2017-04-10 19:12:50', '2017-04-10 19:12:50', NULL),
(756, 'VILLAVICENCIO', 20, '2017-04-10 19:12:50', '2017-04-10 19:12:50', NULL),
(757, 'VISTA HERMOSA', 20, '2017-04-10 19:12:50', '2017-04-10 19:12:50', NULL),
(758, 'ALBAN', 21, '2017-04-10 19:12:50', '2017-04-10 19:12:50', NULL),
(759, 'ALDAÑA', 21, '2017-04-10 19:12:50', '2017-04-10 19:12:50', NULL),
(760, 'ANCUYA', 21, '2017-04-10 19:12:50', '2017-04-10 19:12:50', NULL),
(761, 'ARBOLEDA', 21, '2017-04-10 19:12:50', '2017-04-10 19:12:50', NULL),
(762, 'BARBACOAS', 21, '2017-04-10 19:12:50', '2017-04-10 19:12:50', NULL),
(763, 'BELEN', 21, '2017-04-10 19:12:50', '2017-04-10 19:12:50', NULL),
(764, 'BUESACO', 21, '2017-04-10 19:12:50', '2017-04-10 19:12:50', NULL),
(765, 'CHACHAGUI', 21, '2017-04-10 19:12:50', '2017-04-10 19:12:50', NULL),
(766, 'COLON (GENOVA)', 21, '2017-04-10 19:12:50', '2017-04-10 19:12:50', NULL),
(767, 'CONSACA', 21, '2017-04-10 19:12:50', '2017-04-10 19:12:50', NULL),
(768, 'CONTADERO', 21, '2017-04-10 19:12:50', '2017-04-10 19:12:50', NULL),
(769, 'CORDOBA', 21, '2017-04-10 19:12:50', '2017-04-10 19:12:50', NULL),
(770, 'CUASPUD', 21, '2017-04-10 19:12:50', '2017-04-10 19:12:50', NULL),
(771, 'CUMBAL', 21, '2017-04-10 19:12:50', '2017-04-10 19:12:50', NULL),
(772, 'CUMBITARA', 21, '2017-04-10 19:12:50', '2017-04-10 19:12:50', NULL),
(773, 'EL CHARCO', 21, '2017-04-10 19:12:50', '2017-04-10 19:12:50', NULL),
(774, 'EL PEÑOL', 21, '2017-04-10 19:12:50', '2017-04-10 19:12:50', NULL),
(775, 'EL ROSARIO', 21, '2017-04-10 19:12:50', '2017-04-10 19:12:50', NULL),
(776, 'EL TABLÓN', 21, '2017-04-10 19:12:50', '2017-04-10 19:12:50', NULL),
(777, 'EL TAMBO', 21, '2017-04-10 19:12:50', '2017-04-10 19:12:50', NULL),
(778, 'FUNES', 21, '2017-04-10 19:12:50', '2017-04-10 19:12:50', NULL),
(779, 'GUACHUCAL', 21, '2017-04-10 19:12:50', '2017-04-10 19:12:50', NULL),
(780, 'GUAITARILLA', 21, '2017-04-10 19:12:50', '2017-04-10 19:12:50', NULL),
(781, 'GUALMATAN', 21, '2017-04-10 19:12:50', '2017-04-10 19:12:50', NULL),
(782, 'ILES', 21, '2017-04-10 19:12:50', '2017-04-10 19:12:50', NULL),
(783, 'IMUES', 21, '2017-04-10 19:12:50', '2017-04-10 19:12:50', NULL),
(784, 'IPIALES', 21, '2017-04-10 19:12:50', '2017-04-10 19:12:50', NULL),
(785, 'LA CRUZ', 21, '2017-04-10 19:12:50', '2017-04-10 19:12:50', NULL),
(786, 'LA FLORIDA', 21, '2017-04-10 19:12:50', '2017-04-10 19:12:50', NULL),
(787, 'LA LLANADA', 21, '2017-04-10 19:12:50', '2017-04-10 19:12:50', NULL),
(788, 'LA TOLA', 21, '2017-04-10 19:12:50', '2017-04-10 19:12:50', NULL),
(789, 'LA UNION', 21, '2017-04-10 19:12:50', '2017-04-10 19:12:50', NULL),
(790, 'LEIVA', 21, '2017-04-10 19:12:50', '2017-04-10 19:12:50', NULL),
(791, 'LINARES', 21, '2017-04-10 19:12:50', '2017-04-10 19:12:50', NULL),
(792, 'LOS ANDES', 21, '2017-04-10 19:12:50', '2017-04-10 19:12:50', NULL),
(793, 'MAGUI', 21, '2017-04-10 19:12:50', '2017-04-10 19:12:50', NULL),
(794, 'MALLAMA', 21, '2017-04-10 19:12:50', '2017-04-10 19:12:50', NULL),
(795, 'MOSQUEZA', 21, '2017-04-10 19:12:50', '2017-04-10 19:12:50', NULL),
(796, 'NARIÑO', 21, '2017-04-10 19:12:50', '2017-04-10 19:12:50', NULL),
(797, 'OLAYA HERRERA', 21, '2017-04-10 19:12:50', '2017-04-10 19:12:50', NULL),
(798, 'OSPINA', 21, '2017-04-10 19:12:50', '2017-04-10 19:12:50', NULL),
(799, 'PASTO', 21, '2017-04-10 19:12:50', '2017-04-10 19:12:50', NULL),
(800, 'PIZARRO', 21, '2017-04-10 19:12:50', '2017-04-10 19:12:50', NULL),
(801, 'POLICARPA', 21, '2017-04-10 19:12:50', '2017-04-10 19:12:50', NULL),
(802, 'POTOSI', 21, '2017-04-10 19:12:50', '2017-04-10 19:12:50', NULL),
(803, 'PROVIDENCIA', 21, '2017-04-10 19:12:50', '2017-04-10 19:12:50', NULL),
(804, 'PUERRES', 21, '2017-04-10 19:12:50', '2017-04-10 19:12:50', NULL),
(805, 'PUPIALES', 21, '2017-04-10 19:12:50', '2017-04-10 19:12:50', NULL),
(806, 'RICAURTE', 21, '2017-04-10 19:12:50', '2017-04-10 19:12:50', NULL),
(807, 'ROBERTO PAYAN', 21, '2017-04-10 19:12:50', '2017-04-10 19:12:50', NULL),
(808, 'SAMANIEGO', 21, '2017-04-10 19:12:50', '2017-04-10 19:12:50', NULL),
(809, 'SAN BERNARDO', 21, '2017-04-10 19:12:50', '2017-04-10 19:12:50', NULL),
(810, 'SAN LORENZO', 21, '2017-04-10 19:12:50', '2017-04-10 19:12:50', NULL),
(811, 'SAN PABLO', 21, '2017-04-10 19:12:50', '2017-04-10 19:12:50', NULL),
(812, 'SAN PEDRO DE CARTAGO', 21, '2017-04-10 19:12:50', '2017-04-10 19:12:50', NULL),
(813, 'SANDONA', 21, '2017-04-10 19:12:50', '2017-04-10 19:12:50', NULL),
(814, 'SANTA BARBARA', 21, '2017-04-10 19:12:50', '2017-04-10 19:12:50', NULL),
(815, 'SANTACRUZ', 21, '2017-04-10 19:12:50', '2017-04-10 19:12:50', NULL),
(816, 'SAPUYES', 21, '2017-04-10 19:12:50', '2017-04-10 19:12:50', NULL),
(817, 'TAMINANGO', 21, '2017-04-10 19:12:50', '2017-04-10 19:12:50', NULL),
(818, 'TANGUA', 21, '2017-04-10 19:12:50', '2017-04-10 19:12:50', NULL),
(819, 'TUMACO', 21, '2017-04-10 19:12:50', '2017-04-10 19:12:50', NULL),
(820, 'TUQUERRES', 21, '2017-04-10 19:12:50', '2017-04-10 19:12:50', NULL),
(821, 'YACUANQUER', 21, '2017-04-10 19:12:50', '2017-04-10 19:12:50', NULL),
(822, 'ABREGO', 22, '2017-04-10 19:12:50', '2017-04-10 19:12:50', NULL),
(823, 'ARBOLEDAS', 22, '2017-04-10 19:12:50', '2017-04-10 19:12:50', NULL),
(824, 'BOCHALEMA', 22, '2017-04-10 19:12:50', '2017-04-10 19:12:50', NULL),
(825, 'BUCARASICA', 22, '2017-04-10 19:12:50', '2017-04-10 19:12:50', NULL),
(826, 'CÁCHIRA', 22, '2017-04-10 19:12:50', '2017-04-10 19:12:50', NULL),
(827, 'CÁCOTA', 22, '2017-04-10 19:12:50', '2017-04-10 19:12:50', NULL),
(828, 'CHINÁCOTA', 22, '2017-04-10 19:12:50', '2017-04-10 19:12:50', NULL),
(829, 'CHITAGÁ', 22, '2017-04-10 19:12:50', '2017-04-10 19:12:50', NULL),
(830, 'CONVENCIÓN', 22, '2017-04-10 19:12:50', '2017-04-10 19:12:50', NULL),
(831, 'CÚCUTA', 22, '2017-04-10 19:12:50', '2017-04-10 19:12:50', NULL),
(832, 'CUCUTILLA', 22, '2017-04-10 19:12:50', '2017-04-10 19:12:50', NULL),
(833, 'DURANIA', 22, '2017-04-10 19:12:50', '2017-04-10 19:12:50', NULL),
(834, 'EL CARMEN', 22, '2017-04-10 19:12:50', '2017-04-10 19:12:50', NULL),
(835, 'EL TARRA', 22, '2017-04-10 19:12:50', '2017-04-10 19:12:50', NULL),
(836, 'EL ZULIA', 22, '2017-04-10 19:12:50', '2017-04-10 19:12:50', NULL),
(837, 'GRAMALOTE', 22, '2017-04-10 19:12:50', '2017-04-10 19:12:50', NULL),
(838, 'HACARI', 22, '2017-04-10 19:12:50', '2017-04-10 19:12:50', NULL),
(839, 'HERRÁN', 22, '2017-04-10 19:12:50', '2017-04-10 19:12:50', NULL),
(840, 'LA ESPERANZA', 22, '2017-04-10 19:12:50', '2017-04-10 19:12:50', NULL),
(841, 'LA PLAYA', 22, '2017-04-10 19:12:50', '2017-04-10 19:12:50', NULL),
(842, 'LABATECA', 22, '2017-04-10 19:12:50', '2017-04-10 19:12:50', NULL),
(843, 'LOS PATIOS', 22, '2017-04-10 19:12:50', '2017-04-10 19:12:50', NULL),
(844, 'LOURDES', 22, '2017-04-10 19:12:50', '2017-04-10 19:12:50', NULL),
(845, 'MUTISCUA', 22, '2017-04-10 19:12:50', '2017-04-10 19:12:50', NULL),
(846, 'OCAÑA', 22, '2017-04-10 19:12:50', '2017-04-10 19:12:50', NULL),
(847, 'PAMPLONA', 22, '2017-04-10 19:12:50', '2017-04-10 19:12:50', NULL),
(848, 'PAMPLONITA', 22, '2017-04-10 19:12:50', '2017-04-10 19:12:50', NULL),
(849, 'PUERTO SANTANDER', 22, '2017-04-10 19:12:50', '2017-04-10 19:12:50', NULL),
(850, 'RAGONVALIA', 22, '2017-04-10 19:12:50', '2017-04-10 19:12:50', NULL),
(851, 'SALAZAR', 22, '2017-04-10 19:12:50', '2017-04-10 19:12:50', NULL),
(852, 'SAN CALIXTO', 22, '2017-04-10 19:12:50', '2017-04-10 19:12:50', NULL),
(853, 'SAN CAYETANO', 22, '2017-04-10 19:12:50', '2017-04-10 19:12:50', NULL),
(854, 'SANTIAGO', 22, '2017-04-10 19:12:50', '2017-04-10 19:12:50', NULL),
(855, 'SARDINATA', 22, '2017-04-10 19:12:50', '2017-04-10 19:12:50', NULL),
(856, 'SILOS', 22, '2017-04-10 19:12:50', '2017-04-10 19:12:50', NULL),
(857, 'TEORAMA', 22, '2017-04-10 19:12:50', '2017-04-10 19:12:50', NULL),
(858, 'TIBÚ', 22, '2017-04-10 19:12:50', '2017-04-10 19:12:50', NULL),
(859, 'TOLEDO', 22, '2017-04-10 19:12:50', '2017-04-10 19:12:50', NULL),
(860, 'VILLA CARO', 22, '2017-04-10 19:12:50', '2017-04-10 19:12:50', NULL),
(861, 'VILLA DEL ROSARIO', 22, '2017-04-10 19:12:50', '2017-04-10 19:12:50', NULL),
(862, 'COLÓN', 23, '2017-04-10 19:12:50', '2017-04-10 19:12:50', NULL),
(863, 'MOCOA', 23, '2017-04-10 19:12:50', '2017-04-10 19:12:50', NULL),
(864, 'ORITO', 23, '2017-04-10 19:12:50', '2017-04-10 19:12:50', NULL),
(865, 'PUERTO ASÍS', 23, '2017-04-10 19:12:50', '2017-04-10 19:12:50', NULL),
(866, 'PUERTO CAYCEDO', 23, '2017-04-10 19:12:50', '2017-04-10 19:12:50', NULL),
(867, 'PUERTO GUZMÁN', 23, '2017-04-10 19:12:50', '2017-04-10 19:12:50', NULL),
(868, 'PUERTO LEGUÍZAMO', 23, '2017-04-10 19:12:50', '2017-04-10 19:12:50', NULL),
(869, 'SAN FRANCISCO', 23, '2017-04-10 19:12:50', '2017-04-10 19:12:50', NULL),
(870, 'SAN MIGUEL', 23, '2017-04-10 19:12:50', '2017-04-10 19:12:50', NULL),
(871, 'SANTIAGO', 23, '2017-04-10 19:12:50', '2017-04-10 19:12:50', NULL),
(872, 'SIBUNDOY', 23, '2017-04-10 19:12:50', '2017-04-10 19:12:50', NULL),
(873, 'VALLE DEL GUAMUEZ', 23, '2017-04-10 19:12:50', '2017-04-10 19:12:50', NULL),
(874, 'VILLAGARZÓN', 23, '2017-04-10 19:12:50', '2017-04-10 19:12:50', NULL),
(875, 'ARMENIA', 24, '2017-04-10 19:12:50', '2017-04-10 19:12:50', NULL),
(876, 'BUENAVISTA', 24, '2017-04-10 19:12:50', '2017-04-10 19:12:50', NULL),
(877, 'CALARCÁ', 24, '2017-04-10 19:12:50', '2017-04-10 19:12:50', NULL),
(878, 'CIRCASIA', 24, '2017-04-10 19:12:50', '2017-04-10 19:12:50', NULL),
(879, 'CÓRDOBA', 24, '2017-04-10 19:12:50', '2017-04-10 19:12:50', NULL),
(880, 'FILANDIA', 24, '2017-04-10 19:12:50', '2017-04-10 19:12:50', NULL),
(881, 'GÉNOVA', 24, '2017-04-10 19:12:50', '2017-04-10 19:12:50', NULL),
(882, 'LA TEBAIDA', 24, '2017-04-10 19:12:50', '2017-04-10 19:12:50', NULL),
(883, 'MONTENEGRO', 24, '2017-04-10 19:12:50', '2017-04-10 19:12:50', NULL),
(884, 'PIJAO', 24, '2017-04-10 19:12:50', '2017-04-10 19:12:50', NULL),
(885, 'QUIMBAYA', 24, '2017-04-10 19:12:50', '2017-04-10 19:12:50', NULL),
(886, 'SALENTO', 24, '2017-04-10 19:12:50', '2017-04-10 19:12:50', NULL),
(887, 'APIA', 25, '2017-04-10 19:12:50', '2017-04-10 19:12:50', NULL),
(888, 'BALBOA', 25, '2017-04-10 19:12:50', '2017-04-10 19:12:50', NULL),
(889, 'BELÉN DE UMBRÍA', 25, '2017-04-10 19:12:50', '2017-04-10 19:12:50', NULL),
(890, 'DOS QUEBRADAS', 25, '2017-04-10 19:12:50', '2017-04-10 19:12:50', NULL),
(891, 'GUATICA', 25, '2017-04-10 19:12:50', '2017-04-10 19:12:50', NULL),
(892, 'LA CELIA', 25, '2017-04-10 19:12:50', '2017-04-10 19:12:50', NULL),
(893, 'LA VIRGINIA', 25, '2017-04-10 19:12:50', '2017-04-10 19:12:50', NULL),
(894, 'MARSELLA', 25, '2017-04-10 19:12:50', '2017-04-10 19:12:50', NULL),
(895, 'MISTRATO', 25, '2017-04-10 19:12:50', '2017-04-10 19:12:50', NULL),
(896, 'PEREIRA', 25, '2017-04-10 19:12:50', '2017-04-10 19:12:50', NULL),
(897, 'PUEBLO RICO', 25, '2017-04-10 19:12:50', '2017-04-10 19:12:50', NULL),
(898, 'QUINCHÍA', 25, '2017-04-10 19:12:50', '2017-04-10 19:12:50', NULL),
(899, 'SANTA ROSA DE CABAL', 25, '2017-04-10 19:12:50', '2017-04-10 19:12:50', NULL),
(900, 'SANTUARIO', 25, '2017-04-10 19:12:50', '2017-04-10 19:12:50', NULL),
(901, 'PROVIDENCIA', 26, '2017-04-10 19:12:50', '2017-04-10 19:12:50', NULL),
(902, 'SAN ANDRES', 26, '2017-04-10 19:12:50', '2017-04-10 19:12:50', NULL),
(903, 'SANTA CATALINA', 26, '2017-04-10 19:12:50', '2017-04-10 19:12:50', NULL),
(904, 'AGUADA', 27, '2017-04-10 19:12:50', '2017-04-10 19:12:50', NULL),
(905, 'ALBANIA', 27, '2017-04-10 19:12:50', '2017-04-10 19:12:50', NULL),
(906, 'ARATOCA', 27, '2017-04-10 19:12:50', '2017-04-10 19:12:50', NULL),
(907, 'BARBOSA', 27, '2017-04-10 19:12:50', '2017-04-10 19:12:50', NULL),
(908, 'BARICHARA', 27, '2017-04-10 19:12:50', '2017-04-10 19:12:50', NULL),
(909, 'BARRANCABERMEJA', 27, '2017-04-10 19:12:50', '2017-04-10 19:12:50', NULL),
(910, 'BETULIA', 27, '2017-04-10 19:12:50', '2017-04-10 19:12:50', NULL),
(911, 'BOLÍVAR', 27, '2017-04-10 19:12:50', '2017-04-10 19:12:50', NULL),
(912, 'BUCARAMANGA', 27, '2017-04-10 19:12:50', '2017-04-10 19:12:50', NULL),
(913, 'CABRERA', 27, '2017-04-10 19:12:50', '2017-04-10 19:12:50', NULL),
(914, 'CALIFORNIA', 27, '2017-04-10 19:12:50', '2017-04-10 19:12:50', NULL),
(915, 'CAPITANEJO', 27, '2017-04-10 19:12:50', '2017-04-10 19:12:50', NULL),
(916, 'CARCASI', 27, '2017-04-10 19:12:50', '2017-04-10 19:12:50', NULL),
(917, 'CEPITA', 27, '2017-04-10 19:12:50', '2017-04-10 19:12:50', NULL),
(918, 'CERRITO', 27, '2017-04-10 19:12:50', '2017-04-10 19:12:50', NULL),
(919, 'CHARALÁ', 27, '2017-04-10 19:12:50', '2017-04-10 19:12:50', NULL),
(920, 'CHARTA', 27, '2017-04-10 19:12:50', '2017-04-10 19:12:50', NULL),
(921, 'CHIMA', 27, '2017-04-10 19:12:50', '2017-04-10 19:12:50', NULL),
(922, 'CHIPATÁ', 27, '2017-04-10 19:12:50', '2017-04-10 19:12:50', NULL),
(923, 'CIMITARRA', 27, '2017-04-10 19:12:50', '2017-04-10 19:12:50', NULL),
(924, 'CONCEPCIÓN', 27, '2017-04-10 19:12:50', '2017-04-10 19:12:50', NULL),
(925, 'CONFINES', 27, '2017-04-10 19:12:50', '2017-04-10 19:12:50', NULL),
(926, 'CONTRATACIÓN', 27, '2017-04-10 19:12:50', '2017-04-10 19:12:50', NULL),
(927, 'COROMORO', 27, '2017-04-10 19:12:50', '2017-04-10 19:12:50', NULL),
(928, 'CURITÍ', 27, '2017-04-10 19:12:50', '2017-04-10 19:12:50', NULL),
(929, 'EL CARMEN', 27, '2017-04-10 19:12:50', '2017-04-10 19:12:50', NULL),
(930, 'EL GUACAMAYO', 27, '2017-04-10 19:12:50', '2017-04-10 19:12:50', NULL),
(931, 'EL PEÑÓN', 27, '2017-04-10 19:12:50', '2017-04-10 19:12:50', NULL),
(932, 'EL PLAYÓN', 27, '2017-04-10 19:12:50', '2017-04-10 19:12:50', NULL),
(933, 'ENCINO', 27, '2017-04-10 19:12:50', '2017-04-10 19:12:50', NULL),
(934, 'ENCISO', 27, '2017-04-10 19:12:50', '2017-04-10 19:12:50', NULL),
(935, 'FLORIÁN', 27, '2017-04-10 19:12:50', '2017-04-10 19:12:50', NULL),
(936, 'FLORIDABLANCA', 27, '2017-04-10 19:12:50', '2017-04-10 19:12:50', NULL),
(937, 'GALÁN', 27, '2017-04-10 19:12:50', '2017-04-10 19:12:50', NULL),
(938, 'GAMBITA', 27, '2017-04-10 19:12:50', '2017-04-10 19:12:50', NULL),
(939, 'GIRÓN', 27, '2017-04-10 19:12:50', '2017-04-10 19:12:50', NULL),
(940, 'GUACA', 27, '2017-04-10 19:12:50', '2017-04-10 19:12:50', NULL),
(941, 'GUADALUPE', 27, '2017-04-10 19:12:50', '2017-04-10 19:12:50', NULL),
(942, 'GUAPOTA', 27, '2017-04-10 19:12:50', '2017-04-10 19:12:50', NULL),
(943, 'GUAVATÁ', 27, '2017-04-10 19:12:50', '2017-04-10 19:12:50', NULL),
(944, 'GUEPSA', 27, '2017-04-10 19:12:50', '2017-04-10 19:12:50', NULL),
(945, 'HATO', 27, '2017-04-10 19:12:50', '2017-04-10 19:12:50', NULL),
(946, 'JESÚS MARIA', 27, '2017-04-10 19:12:50', '2017-04-10 19:12:50', NULL),
(947, 'JORDÁN', 27, '2017-04-10 19:12:50', '2017-04-10 19:12:50', NULL),
(948, 'LA BELLEZA', 27, '2017-04-10 19:12:50', '2017-04-10 19:12:50', NULL),
(949, 'LA PAZ', 27, '2017-04-10 19:12:50', '2017-04-10 19:12:50', NULL),
(950, 'LANDAZURI', 27, '2017-04-10 19:12:50', '2017-04-10 19:12:50', NULL),
(951, 'LEBRIJA', 27, '2017-04-10 19:12:50', '2017-04-10 19:12:50', NULL),
(952, 'LOS SANTOS', 27, '2017-04-10 19:12:50', '2017-04-10 19:12:50', NULL),
(953, 'MACARAVITA', 27, '2017-04-10 19:12:50', '2017-04-10 19:12:50', NULL),
(954, 'MÁLAGA', 27, '2017-04-10 19:12:50', '2017-04-10 19:12:50', NULL),
(955, 'MATANZA', 27, '2017-04-10 19:12:50', '2017-04-10 19:12:50', NULL),
(956, 'MOGOTES', 27, '2017-04-10 19:12:50', '2017-04-10 19:12:50', NULL),
(957, 'MOLAGAVITA', 27, '2017-04-10 19:12:50', '2017-04-10 19:12:50', NULL),
(958, 'OCAMONTE', 27, '2017-04-10 19:12:50', '2017-04-10 19:12:50', NULL),
(959, 'OIBA', 27, '2017-04-10 19:12:50', '2017-04-10 19:12:50', NULL),
(960, 'ONZAGA', 27, '2017-04-10 19:12:50', '2017-04-10 19:12:50', NULL),
(961, 'PALMAR', 27, '2017-04-10 19:12:50', '2017-04-10 19:12:50', NULL),
(962, 'PALMAS DEL SOCORRO', 27, '2017-04-10 19:12:50', '2017-04-10 19:12:50', NULL),
(963, 'PÁRAMO', 27, '2017-04-10 19:12:50', '2017-04-10 19:12:50', NULL),
(964, 'PIEDECUESTA', 27, '2017-04-10 19:12:50', '2017-04-10 19:12:50', NULL),
(965, 'PINCHOTE', 27, '2017-04-10 19:12:50', '2017-04-10 19:12:50', NULL),
(966, 'PUENTE NACIONAL', 27, '2017-04-10 19:12:50', '2017-04-10 19:12:50', NULL),
(967, 'PUERTO PARRA', 27, '2017-04-10 19:12:50', '2017-04-10 19:12:50', NULL),
(968, 'PUERTO WILCHES', 27, '2017-04-10 19:12:50', '2017-04-10 19:12:50', NULL),
(969, 'RIONEGRO', 27, '2017-04-10 19:12:50', '2017-04-10 19:12:50', NULL),
(970, 'SABANA DE TORRES', 27, '2017-04-10 19:12:50', '2017-04-10 19:12:50', NULL),
(971, 'SAN ANDRÉS', 27, '2017-04-10 19:12:50', '2017-04-10 19:12:50', NULL),
(972, 'SAN BENITO', 27, '2017-04-10 19:12:50', '2017-04-10 19:12:50', NULL),
(973, 'SAN GIL', 27, '2017-04-10 19:12:50', '2017-04-10 19:12:50', NULL),
(974, 'SAN JOAQUÍN', 27, '2017-04-10 19:12:50', '2017-04-10 19:12:50', NULL),
(975, 'SAN JOSÉ DE MIRANDA', 27, '2017-04-10 19:12:50', '2017-04-10 19:12:50', NULL),
(976, 'SAN MIGUEL', 27, '2017-04-10 19:12:50', '2017-04-10 19:12:50', NULL),
(977, 'SAN VICENTE DE CHUCURÍ', 27, '2017-04-10 19:12:50', '2017-04-10 19:12:50', NULL),
(978, 'SANTA BÁRBARA', 27, '2017-04-10 19:12:50', '2017-04-10 19:12:50', NULL),
(979, 'SANTA HELENA', 27, '2017-04-10 19:12:50', '2017-04-10 19:12:50', NULL),
(980, 'SIMACOTA', 27, '2017-04-10 19:12:50', '2017-04-10 19:12:50', NULL),
(981, 'SOCORRO', 27, '2017-04-10 19:12:50', '2017-04-10 19:12:50', NULL),
(982, 'SUAITA', 27, '2017-04-10 19:12:50', '2017-04-10 19:12:50', NULL),
(983, 'SUCRE', 27, '2017-04-10 19:12:50', '2017-04-10 19:12:50', NULL),
(984, 'SURATA', 27, '2017-04-10 19:12:50', '2017-04-10 19:12:50', NULL),
(985, 'TONA', 27, '2017-04-10 19:12:50', '2017-04-10 19:12:50', NULL),
(986, 'VALLE SAN JOSÉ', 27, '2017-04-10 19:12:50', '2017-04-10 19:12:50', NULL),
(987, 'VÉLEZ', 27, '2017-04-10 19:12:50', '2017-04-10 19:12:50', NULL),
(988, 'VETAS', 27, '2017-04-10 19:12:50', '2017-04-10 19:12:50', NULL),
(989, 'VILLANUEVA', 27, '2017-04-10 19:12:50', '2017-04-10 19:12:50', NULL),
(990, 'ZAPATOCA', 27, '2017-04-10 19:12:50', '2017-04-10 19:12:50', NULL),
(991, 'BUENAVISTA', 28, '2017-04-10 19:12:50', '2017-04-10 19:12:50', NULL),
(992, 'CAIMITO', 28, '2017-04-10 19:12:50', '2017-04-10 19:12:50', NULL),
(993, 'CHALÁN', 28, '2017-04-10 19:12:50', '2017-04-10 19:12:50', NULL),
(994, 'COLOSO', 28, '2017-04-10 19:12:50', '2017-04-10 19:12:50', NULL),
(995, 'COROZAL', 28, '2017-04-10 19:12:50', '2017-04-10 19:12:50', NULL),
(996, 'EL ROBLE', 28, '2017-04-10 19:12:50', '2017-04-10 19:12:50', NULL),
(997, 'GALERAS', 28, '2017-04-10 19:12:50', '2017-04-10 19:12:50', NULL),
(998, 'GUARANDA', 28, '2017-04-10 19:12:50', '2017-04-10 19:12:50', NULL),
(999, 'LA UNIÓN', 28, '2017-04-10 19:12:50', '2017-04-10 19:12:50', NULL),
(1000, 'LOS PALMITOS', 28, '2017-04-10 19:12:50', '2017-04-10 19:12:50', NULL),
(1001, 'MAJAGUAL', 28, '2017-04-10 19:12:50', '2017-04-10 19:12:50', NULL),
(1002, 'MORROA', 28, '2017-04-10 19:12:50', '2017-04-10 19:12:50', NULL),
(1003, 'OVEJAS', 28, '2017-04-10 19:12:50', '2017-04-10 19:12:50', NULL),
(1004, 'PALMITO', 28, '2017-04-10 19:12:50', '2017-04-10 19:12:50', NULL),
(1005, 'SAMPUES', 28, '2017-04-10 19:12:50', '2017-04-10 19:12:50', NULL),
(1006, 'SAN BENITO ABAD', 28, '2017-04-10 19:12:50', '2017-04-10 19:12:50', NULL),
(1007, 'SAN JUAN DE BETULIA', 28, '2017-04-10 19:12:50', '2017-04-10 19:12:50', NULL),
(1008, 'SAN MARCOS', 28, '2017-04-10 19:12:50', '2017-04-10 19:12:50', NULL),
(1009, 'SAN ONOFRE', 28, '2017-04-10 19:12:50', '2017-04-10 19:12:50', NULL),
(1010, 'SAN PEDRO', 28, '2017-04-10 19:12:50', '2017-04-10 19:12:50', NULL),
(1011, 'SINCÉ', 28, '2017-04-10 19:12:50', '2017-04-10 19:12:50', NULL),
(1012, 'SINCELEJO', 28, '2017-04-10 19:12:50', '2017-04-10 19:12:50', NULL),
(1013, 'SUCRE', 28, '2017-04-10 19:12:50', '2017-04-10 19:12:50', NULL),
(1014, 'TOLÚ', 28, '2017-04-10 19:12:50', '2017-04-10 19:12:50', NULL),
(1015, 'TOLUVIEJO', 28, '2017-04-10 19:12:50', '2017-04-10 19:12:50', NULL),
(1016, 'ALPUJARRA', 29, '2017-04-10 19:12:50', '2017-04-10 19:12:50', NULL),
(1017, 'ALVARADO', 29, '2017-04-10 19:12:50', '2017-04-10 19:12:50', NULL),
(1018, 'AMBALEMA', 29, '2017-04-10 19:12:50', '2017-04-10 19:12:50', NULL),
(1019, 'ANZOATEGUI', 29, '2017-04-10 19:12:50', '2017-04-10 19:12:50', NULL),
(1020, 'ARMERO (GUAYABAL)', 29, '2017-04-10 19:12:50', '2017-04-10 19:12:50', NULL),
(1021, 'ATACO', 29, '2017-04-10 19:12:50', '2017-04-10 19:12:50', NULL),
(1022, 'CAJAMARCA', 29, '2017-04-10 19:12:50', '2017-04-10 19:12:50', NULL),
(1023, 'CARMEN DE APICALÁ', 29, '2017-04-10 19:12:50', '2017-04-10 19:12:50', NULL),
(1024, 'CASABIANCA', 29, '2017-04-10 19:12:50', '2017-04-10 19:12:50', NULL),
(1025, 'CHAPARRAL', 29, '2017-04-10 19:12:50', '2017-04-10 19:12:50', NULL),
(1026, 'COELLO', 29, '2017-04-10 19:12:50', '2017-04-10 19:12:50', NULL),
(1027, 'COYAIMA', 29, '2017-04-10 19:12:50', '2017-04-10 19:12:50', NULL),
(1028, 'CUNDAY', 29, '2017-04-10 19:12:50', '2017-04-10 19:12:50', NULL),
(1029, 'DOLORES', 29, '2017-04-10 19:12:50', '2017-04-10 19:12:50', NULL),
(1030, 'ESPINAL', 29, '2017-04-10 19:12:50', '2017-04-10 19:12:50', NULL),
(1031, 'FALÁN', 29, '2017-04-10 19:12:50', '2017-04-10 19:12:50', NULL),
(1032, 'FLANDES', 29, '2017-04-10 19:12:50', '2017-04-10 19:12:50', NULL),
(1033, 'FRESNO', 29, '2017-04-10 19:12:50', '2017-04-10 19:12:50', NULL),
(1034, 'GUAMO', 29, '2017-04-10 19:12:50', '2017-04-10 19:12:50', NULL),
(1035, 'HERVEO', 29, '2017-04-10 19:12:50', '2017-04-10 19:12:50', NULL),
(1036, 'HONDA', 29, '2017-04-10 19:12:50', '2017-04-10 19:12:50', NULL),
(1037, 'IBAGUÉ', 29, '2017-04-10 19:12:50', '2017-04-10 19:12:50', NULL),
(1038, 'ICONONZO', 29, '2017-04-10 19:12:50', '2017-04-10 19:12:50', NULL),
(1039, 'LÉRIDA', 29, '2017-04-10 19:12:50', '2017-04-10 19:12:50', NULL),
(1040, 'LÍBANO', 29, '2017-04-10 19:12:50', '2017-04-10 19:12:50', NULL),
(1041, 'MARIQUITA', 29, '2017-04-10 19:12:50', '2017-04-10 19:12:50', NULL),
(1042, 'MELGAR', 29, '2017-04-10 19:12:50', '2017-04-10 19:12:50', NULL),
(1043, 'MURILLO', 29, '2017-04-10 19:12:50', '2017-04-10 19:12:50', NULL),
(1044, 'NATAGAIMA', 29, '2017-04-10 19:12:50', '2017-04-10 19:12:50', NULL),
(1045, 'ORTEGA', 29, '2017-04-10 19:12:50', '2017-04-10 19:12:50', NULL),
(1046, 'PALOCABILDO', 29, '2017-04-10 19:12:50', '2017-04-10 19:12:50', NULL),
(1047, 'PIEDRAS PLANADAS', 29, '2017-04-10 19:12:50', '2017-04-10 19:12:50', NULL),
(1048, 'PRADO', 29, '2017-04-10 19:12:50', '2017-04-10 19:12:50', NULL),
(1049, 'PURIFICACIÓN', 29, '2017-04-10 19:12:50', '2017-04-10 19:12:50', NULL),
(1050, 'RIOBLANCO', 29, '2017-04-10 19:12:50', '2017-04-10 19:12:50', NULL),
(1051, 'RONCESVALLES', 29, '2017-04-10 19:12:50', '2017-04-10 19:12:50', NULL),
(1052, 'ROVIRA', 29, '2017-04-10 19:12:50', '2017-04-10 19:12:50', NULL),
(1053, 'SALDAÑA', 29, '2017-04-10 19:12:50', '2017-04-10 19:12:50', NULL),
(1054, 'SAN ANTONIO', 29, '2017-04-10 19:12:50', '2017-04-10 19:12:50', NULL),
(1055, 'SAN LUIS', 29, '2017-04-10 19:12:50', '2017-04-10 19:12:50', NULL),
(1056, 'SANTA ISABEL', 29, '2017-04-10 19:12:50', '2017-04-10 19:12:50', NULL),
(1057, 'SUÁREZ', 29, '2017-04-10 19:12:50', '2017-04-10 19:12:50', NULL),
(1058, 'VALLE DE SAN JUAN', 29, '2017-04-10 19:12:50', '2017-04-10 19:12:50', NULL),
(1059, 'VENADILLO', 29, '2017-04-10 19:12:50', '2017-04-10 19:12:50', NULL),
(1060, 'VILLAHERMOSA', 29, '2017-04-10 19:12:50', '2017-04-10 19:12:50', NULL),
(1061, 'VILLARRICA', 29, '2017-04-10 19:12:50', '2017-04-10 19:12:50', NULL),
(1062, 'ALCALÁ', 30, '2017-04-10 19:12:50', '2017-04-10 19:12:50', NULL),
(1063, 'ANDALUCÍA', 30, '2017-04-10 19:12:50', '2017-04-10 19:12:50', NULL),
(1064, 'ANSERMA NUEVO', 30, '2017-04-10 19:12:50', '2017-04-10 19:12:50', NULL),
(1065, 'ARGELIA', 30, '2017-04-10 19:12:50', '2017-04-10 19:12:50', NULL),
(1066, 'BOLÍVAR', 30, '2017-04-10 19:12:50', '2017-04-10 19:12:50', NULL),
(1067, 'BUENAVENTURA', 30, '2017-04-10 19:12:50', '2017-04-10 19:12:50', NULL),
(1068, 'BUGA', 30, '2017-04-10 19:12:50', '2017-04-10 19:12:50', NULL),
(1069, 'BUGALAGRANDE', 30, '2017-04-10 19:12:50', '2017-04-10 19:12:50', NULL),
(1070, 'CAICEDONIA', 30, '2017-04-10 19:12:50', '2017-04-10 19:12:50', NULL),
(1071, 'CALI', 30, '2017-04-10 19:12:50', '2017-04-10 19:12:50', NULL),
(1072, 'CALIMA (DARIEN)', 30, '2017-04-10 19:12:50', '2017-04-10 19:12:50', NULL),
(1073, 'CANDELARIA', 30, '2017-04-10 19:12:50', '2017-04-10 19:12:50', NULL),
(1074, 'CARTAGO', 30, '2017-04-10 19:12:50', '2017-04-10 19:12:50', NULL),
(1075, 'DAGUA', 30, '2017-04-10 19:12:50', '2017-04-10 19:12:50', NULL),
(1076, 'EL AGUILA', 30, '2017-04-10 19:12:50', '2017-04-10 19:12:50', NULL),
(1077, 'EL CAIRO', 30, '2017-04-10 19:12:50', '2017-04-10 19:12:50', NULL),
(1078, 'EL CERRITO', 30, '2017-04-10 19:12:50', '2017-04-10 19:12:50', NULL),
(1079, 'EL DOVIO', 30, '2017-04-10 19:12:50', '2017-04-10 19:12:50', NULL),
(1080, 'FLORIDA', 30, '2017-04-10 19:12:50', '2017-04-10 19:12:50', NULL),
(1081, 'GINEBRA GUACARI', 30, '2017-04-10 19:12:50', '2017-04-10 19:12:50', NULL),
(1082, 'JAMUNDÍ', 30, '2017-04-10 19:12:50', '2017-04-10 19:12:50', NULL),
(1083, 'LA CUMBRE', 30, '2017-04-10 19:12:50', '2017-04-10 19:12:50', NULL),
(1084, 'LA UNIÓN', 30, '2017-04-10 19:12:50', '2017-04-10 19:12:50', NULL),
(1085, 'LA VICTORIA', 30, '2017-04-10 19:12:50', '2017-04-10 19:12:50', NULL),
(1086, 'OBANDO', 30, '2017-04-10 19:12:50', '2017-04-10 19:12:50', NULL),
(1087, 'PALMIRA', 30, '2017-04-10 19:12:50', '2017-04-10 19:12:50', NULL),
(1088, 'PRADERA', 30, '2017-04-10 19:12:50', '2017-04-10 19:12:50', NULL),
(1089, 'RESTREPO', 30, '2017-04-10 19:12:50', '2017-04-10 19:12:50', NULL),
(1090, 'RIO FRÍO', 30, '2017-04-10 19:12:50', '2017-04-10 19:12:50', NULL),
(1091, 'ROLDANILLO', 30, '2017-04-10 19:12:50', '2017-04-10 19:12:50', NULL),
(1092, 'SAN PEDRO', 30, '2017-04-10 19:12:50', '2017-04-10 19:12:50', NULL),
(1093, 'SEVILLA', 30, '2017-04-10 19:12:50', '2017-04-10 19:12:50', NULL),
(1094, 'TORO', 30, '2017-04-10 19:12:50', '2017-04-10 19:12:50', NULL),
(1095, 'TRUJILLO', 30, '2017-04-10 19:12:50', '2017-04-10 19:12:50', NULL),
(1096, 'TULÚA', 30, '2017-04-10 19:12:50', '2017-04-10 19:12:50', NULL),
(1097, 'ULLOA', 30, '2017-04-10 19:12:50', '2017-04-10 19:12:50', NULL),
(1098, 'VERSALLES', 30, '2017-04-10 19:12:50', '2017-04-10 19:12:50', NULL),
(1099, 'VIJES', 30, '2017-04-10 19:12:50', '2017-04-10 19:12:50', NULL),
(1100, 'YOTOCO', 30, '2017-04-10 19:12:50', '2017-04-10 19:12:50', NULL),
(1101, 'YUMBO', 30, '2017-04-10 19:12:50', '2017-04-10 19:12:50', NULL),
(1102, 'ZARZAL', 30, '2017-04-10 19:12:50', '2017-04-10 19:12:50', NULL),
(1103, 'CARURÚ', 31, '2017-04-10 19:12:50', '2017-04-10 19:12:50', NULL),
(1104, 'MITÚ', 31, '2017-04-10 19:12:50', '2017-04-10 19:12:50', NULL),
(1105, 'PACOA', 31, '2017-04-10 19:12:50', '2017-04-10 19:12:50', NULL),
(1106, 'PAPUNAUA', 31, '2017-04-10 19:12:50', '2017-04-10 19:12:50', NULL),
(1107, 'TARAIRA', 31, '2017-04-10 19:12:50', '2017-04-10 19:12:50', NULL),
(1108, 'YAVARATÉ', 31, '2017-04-10 19:12:50', '2017-04-10 19:12:50', NULL),
(1109, 'CUMARIBO', 32, '2017-04-10 19:12:50', '2017-04-10 19:12:50', NULL),
(1110, 'LA PRIMAVERA', 32, '2017-04-10 19:12:50', '2017-04-10 19:12:50', NULL),
(1111, 'PUERTO CARREÑO', 32, '2017-04-10 19:12:50', '2017-04-10 19:12:50', NULL),
(1112, 'SANTA ROSALIA', 32, '2017-04-10 19:12:50', '2017-04-10 19:12:50', NULL);

-- --------------------------------------------------------

--
-- Estructura de tabla para la tabla `password_resets`
--

CREATE TABLE `password_resets` (
  `email` varchar(255) COLLATE utf8mb4_unicode_ci NOT NULL,
  `token` varchar(255) COLLATE utf8mb4_unicode_ci NOT NULL,
  `created_at` timestamp NULL DEFAULT NULL
) ENGINE=InnoDB DEFAULT CHARSET=utf8mb4 COLLATE=utf8mb4_unicode_ci;

-- --------------------------------------------------------

--
-- Estructura de tabla para la tabla `roles`
--

CREATE TABLE `roles` (
  `id` int(10) UNSIGNED NOT NULL,
  `name` varchar(255) COLLATE utf8mb4_unicode_ci NOT NULL,
  `display_name` varchar(255) COLLATE utf8mb4_unicode_ci NOT NULL,
  `description` text COLLATE utf8mb4_unicode_ci NOT NULL,
  `user_id` int(10) UNSIGNED NOT NULL,
  `created_at` timestamp NULL DEFAULT NULL,
  `updated_at` timestamp NULL DEFAULT NULL,
  `deleted_at` timestamp NULL DEFAULT NULL
) ENGINE=InnoDB DEFAULT CHARSET=utf8mb4 COLLATE=utf8mb4_unicode_ci;

--
-- Volcado de datos para la tabla `roles`
--

INSERT INTO `roles` (`id`, `name`, `display_name`, `description`, `user_id`, `created_at`, `updated_at`, `deleted_at`) VALUES
(1, 'admin', 'Administrador del sitio', 'Administrar', 1, NULL, NULL, NULL),
(2, 'estudent', 'Estudiante', 'Estudiante', 1, '2017-09-29 17:31:05', '2017-09-29 17:31:05', NULL),
(3, 'teacher', 'Docente', '', 1, '2017-09-29 17:31:17', '2017-09-29 17:31:17', NULL);

-- --------------------------------------------------------

--
-- Estructura de tabla para la tabla `sedes`
--

CREATE TABLE `sedes` (
  `id` int(10) UNSIGNED NOT NULL,
  `nombre_sede` varchar(100) COLLATE utf8mb4_unicode_ci NOT NULL,
  `direccion` varchar(100) COLLATE utf8mb4_unicode_ci NOT NULL,
  `director_sede` varchar(150) COLLATE utf8mb4_unicode_ci NOT NULL,
  `numero_sede` int(11) NOT NULL,
  `observaciones` text COLLATE utf8mb4_unicode_ci NOT NULL,
  `created_at` timestamp NULL DEFAULT NULL,
  `updated_at` timestamp NULL DEFAULT NULL,
  `deleted_at` timestamp NULL DEFAULT NULL,
  `user_id` int(10) UNSIGNED NOT NULL
) ENGINE=InnoDB DEFAULT CHARSET=utf8mb4 COLLATE=utf8mb4_unicode_ci;

--
-- Volcado de datos para la tabla `sedes`
--

INSERT INTO `sedes` (`id`, `nombre_sede`, `direccion`, `director_sede`, `numero_sede`, `observaciones`, `created_at`, `updated_at`, `deleted_at`, `user_id`) VALUES
(1, 'Amparo SEC 2', 'cll 90 #54-2', 'GERARDO MEJÍA ORTIZ', 2, 'Sede de 6-11 grados', '2017-09-29 17:57:54', '2017-09-29 17:57:54', NULL, 1);

-- --------------------------------------------------------

--
-- Estructura de tabla para la tabla `users`
--

CREATE TABLE `users` (
  `id` int(10) UNSIGNED NOT NULL,
  `nombres` varchar(100) COLLATE utf8mb4_unicode_ci NOT NULL,
  `apellidos` varchar(100) COLLATE utf8mb4_unicode_ci NOT NULL,
  `cedula` varchar(12) COLLATE utf8mb4_unicode_ci NOT NULL,
  `avatar` varchar(180) COLLATE utf8mb4_unicode_ci DEFAULT '/default-profile.png',
  `email` varchar(100) COLLATE utf8mb4_unicode_ci NOT NULL,
  `password` varchar(255) COLLATE utf8mb4_unicode_ci NOT NULL,
  `status` tinyint(1) NOT NULL DEFAULT '0',
  `remember_token` varchar(100) COLLATE utf8mb4_unicode_ci DEFAULT NULL,
  `created_at` timestamp NULL DEFAULT NULL,
  `updated_at` timestamp NULL DEFAULT NULL,
  `deleted_at` timestamp NULL DEFAULT NULL
) ENGINE=InnoDB DEFAULT CHARSET=utf8mb4 COLLATE=utf8mb4_unicode_ci;

--
-- Volcado de datos para la tabla `users`
--

INSERT INTO `users` (`id`, `nombres`, `apellidos`, `cedula`, `avatar`, `email`, `password`, `status`, `remember_token`, `created_at`, `updated_at`, `deleted_at`) VALUES
(1, 'Eduard', 'Ramos', '1017211783', '/default-profile.png', 'xseduard@gmail.com', '$2y$10$CdOv62ovsP1HlPVid4uMw.hJSAseOiJITIFBFi1NAdT/XV28eGXvS', 0, NULL, '2017-09-29 17:17:39', '2017-09-29 18:09:35', NULL),
(3, 'Milton Marino', 'Ramos Salas', '70526332', '/default-profile.png', 'miltonmarinoramos@gmail.com', '$2y$10$d52dELnyiFwDz42FESQMSezAAPjFuErHRWoRqTe/5whZ9YP5uHIku', 0, 'sW7E61jzqdUjC5DMd8dDegivwAdc85wp6QUbrbk4hcSWDJ6VkMv1AuZ9o9T2', '2017-06-09 22:36:53', '2017-09-24 13:18:48', NULL),
(4, 'secretary', 'secretary2', '123456789', '/default-profile.png', 'xs@transeba.com', '$2y$10$vwDjsd1S9qK0DuBDbHrqD.Z6767HjQ9268jXw9HZsxwWd.53lENgC', 0, 'z62SXZubSAL9YbxJV6L4iZxb4bWdKN3FL854FodloIcSr7aqLogNIRg7LcFg', '2017-06-10 01:19:31', '2017-06-10 02:15:13', NULL),
(5, 'Liliana Yaneth', 'Tabares Guerra', '43148472', '/default-profile.png', 'liligabo@hotmail.com', '$2a$06$Aau97k6NODHhA5HdRN.Wr.Xi2M6kJtlUXlYygy86uJx9hJpVP2yGu', 0, 'vQWfvdxDyJSPplqGv3FPEKtELvd2rzpdumROtaseCi4LjBpRTvF8j7FPI9RP', '2017-06-10 02:20:43', '2017-09-16 22:26:57', NULL),
(6, 'Lina Marcela', 'Zapata Palacio', '43145573', '/default-profile.png', 'Vilorianegrete@hotmail.com', '$2a$06$Ucqejl4OqZ57c3ssoqzjm.NUiqmmhvM.CHV15upB9i3KKs9Q7FstC', 0, 'vjSMMRzZBvEDPDIowZXU5rRuW8UJCPGoeS4qO7bSLulRwlZxgBGyDlFTtWno', '2017-06-10 02:36:17', '2017-09-16 22:14:46', NULL),
(7, 'Tana', 'Coronado Calderin', '50914925', '/default-profile.png', 'tanacoronado@hotmail.com', '$2a$06$a0JbZcOHIAENLr4czIpaaufRsQxSKfoPxiDLY6SSiG/V/nqj0qJ3K', 0, 'SV8xuVd8px1Wuiw83D3EVlsXqguX4HqFa07JRPDWMAkrpM5onEypZ7oPfO6g', '2017-06-15 03:12:37', '2017-08-11 08:05:53', NULL),
(8, 'Paula Andrea', 'Ramos Coronado', '99020209891', '/default-profile.png', 'andreearamosc@gmail.com', '$2y$10$vY9LapSJHCz/rBPIMrLER.qzxdwMrvMG2RujznuaX8zIyvgyVSqxq', 0, NULL, '2017-06-24 01:30:32', '2017-06-24 01:30:32', NULL),
(9, 'roco', 'fiore', '909090909', '/default-profile.png', 'roco@emdisalud.com', '$2y$10$9rmVOchnztEO0A4w3.orl.Hoar96OG8tFCCmwOpO4ElC11bxoiqsK', 0, 'kb9XlXq08OqdRxWZdlr0knsIIEFBxe1T9kaHnunjnDZyrkamXqeTOaeUcbp7', '2017-07-01 01:27:23', '2017-07-04 08:54:03', NULL),
(11, 'MILTON CESAR', 'PASTRANA CORREA', '70529609', '/default-profile.png', 'miltoncesarpastrana@gmail.comx', '$2y$10$OARSxjKR3ks4GF4oV9OO7uW.ttgyT7uR5doyvVchzqj1p0eAY1W9W', 0, 'VYqFfg20ln2JfTWo5HxN2IDi2FoUY2ssuM5BFBzccAUzb4om0KCrniJH8HWT', '2017-07-06 03:23:34', '2017-07-06 03:50:22', NULL),
(12, 'PEDRO', 'BLANCO OZUNA', '70527097', '/default-profile.png', 'pedrolibis@hotmail.comx', '$2y$10$14BcZ3G20MKjp2BCTsCsbeBteWQn473Dn/KVebkLdKnQ1jKL05et.', 0, 'Sg4vaV6vjBAxeXzcREH5ew8RTeBGIeDR8iqByoFNQ8owqdlLkolzV40L3N6T', '2017-07-06 18:19:30', '2017-07-13 04:06:08', NULL),
(13, 'NEBER LUIS ', 'PATERNINA AVILA', '98686680', '/default-profile.png', 'neberpaternina@hotmail.esx', '$2y$10$cWmBlb8Z.DeCxVSJmxqVaOpt1rreYKC5YEgVu/j4zgD74io7EZua2', 0, 'SkFxY2PduaH5OpV5yp2v7B1NO2pKVbE9UCbwqrBmGFegXqkdit3ctbm4K8DA', '2017-07-06 18:58:24', '2017-07-13 21:49:05', NULL);

--
-- Índices para tablas volcadas
--

--
-- Indices de la tabla `asignaturas`
--
ALTER TABLE `asignaturas`
  ADD PRIMARY KEY (`id`);

--
-- Indices de la tabla `cursas`
--
ALTER TABLE `cursas`
  ADD PRIMARY KEY (`id`);

--
-- Indices de la tabla `departamentos`
--
ALTER TABLE `departamentos`
  ADD PRIMARY KEY (`id`);

--
-- Indices de la tabla `docentes`
--
ALTER TABLE `docentes`
  ADD PRIMARY KEY (`id`);

--
-- Indices de la tabla `estudiantes`
--
ALTER TABLE `estudiantes`
  ADD PRIMARY KEY (`id`);

--
-- Indices de la tabla `impartes`
--
ALTER TABLE `impartes`
  ADD PRIMARY KEY (`id`);

--
-- Indices de la tabla `migrations`
--
ALTER TABLE `migrations`
  ADD PRIMARY KEY (`id`);

--
-- Indices de la tabla `municipios`
--
ALTER TABLE `municipios`
  ADD PRIMARY KEY (`id`),
  ADD KEY `municipios_id_departamento_foreign` (`id_departamento`);

--
-- Indices de la tabla `password_resets`
--
ALTER TABLE `password_resets`
  ADD KEY `password_resets_email_index` (`email`);

--
-- Indices de la tabla `roles`
--
ALTER TABLE `roles`
  ADD PRIMARY KEY (`id`),
  ADD UNIQUE KEY `roles_name_unique` (`name`);

--
-- Indices de la tabla `sedes`
--
ALTER TABLE `sedes`
  ADD PRIMARY KEY (`id`);

--
-- Indices de la tabla `users`
--
ALTER TABLE `users`
  ADD PRIMARY KEY (`id`),
  ADD UNIQUE KEY `users_cedula_unique` (`cedula`),
  ADD UNIQUE KEY `users_email_unique` (`email`);

--
-- AUTO_INCREMENT de las tablas volcadas
--

--
-- AUTO_INCREMENT de la tabla `asignaturas`
--
ALTER TABLE `asignaturas`
  MODIFY `id` int(10) UNSIGNED NOT NULL AUTO_INCREMENT, AUTO_INCREMENT=2;
--
-- AUTO_INCREMENT de la tabla `cursas`
--
ALTER TABLE `cursas`
  MODIFY `id` int(10) UNSIGNED NOT NULL AUTO_INCREMENT, AUTO_INCREMENT=2;
--
-- AUTO_INCREMENT de la tabla `departamentos`
--
ALTER TABLE `departamentos`
  MODIFY `id` int(10) UNSIGNED NOT NULL AUTO_INCREMENT, AUTO_INCREMENT=33;
--
-- AUTO_INCREMENT de la tabla `docentes`
--
ALTER TABLE `docentes`
  MODIFY `id` int(10) UNSIGNED NOT NULL AUTO_INCREMENT, AUTO_INCREMENT=2;
--
-- AUTO_INCREMENT de la tabla `estudiantes`
--
ALTER TABLE `estudiantes`
  MODIFY `id` int(10) UNSIGNED NOT NULL AUTO_INCREMENT, AUTO_INCREMENT=2;
--
-- AUTO_INCREMENT de la tabla `impartes`
--
ALTER TABLE `impartes`
  MODIFY `id` int(10) UNSIGNED NOT NULL AUTO_INCREMENT;
--
-- AUTO_INCREMENT de la tabla `migrations`
--
ALTER TABLE `migrations`
  MODIFY `id` int(10) UNSIGNED NOT NULL AUTO_INCREMENT, AUTO_INCREMENT=13;
--
-- AUTO_INCREMENT de la tabla `municipios`
--
ALTER TABLE `municipios`
  MODIFY `id` int(10) UNSIGNED NOT NULL AUTO_INCREMENT, AUTO_INCREMENT=1113;
--
-- AUTO_INCREMENT de la tabla `roles`
--
ALTER TABLE `roles`
  MODIFY `id` int(10) UNSIGNED NOT NULL AUTO_INCREMENT, AUTO_INCREMENT=4;
--
-- AUTO_INCREMENT de la tabla `sedes`
--
ALTER TABLE `sedes`
  MODIFY `id` int(10) UNSIGNED NOT NULL AUTO_INCREMENT, AUTO_INCREMENT=2;
--
-- AUTO_INCREMENT de la tabla `users`
--
ALTER TABLE `users`
  MODIFY `id` int(10) UNSIGNED NOT NULL AUTO_INCREMENT, AUTO_INCREMENT=14;
--
-- Restricciones para tablas volcadas
--

--
-- Filtros para la tabla `municipios`
--
ALTER TABLE `municipios`
  ADD CONSTRAINT `municipios_id_departamento_foreign` FOREIGN KEY (`id_departamento`) REFERENCES `departamentos` (`id`);
COMMIT;

/*!40101 SET CHARACTER_SET_CLIENT=@OLD_CHARACTER_SET_CLIENT */;
/*!40101 SET CHARACTER_SET_RESULTS=@OLD_CHARACTER_SET_RESULTS */;
/*!40101 SET COLLATION_CONNECTION=@OLD_COLLATION_CONNECTION */;
